SET FOREIGN_KEY_CHECKS = 0;
--> statement-breakpoint
REPLACE INTO `stores` (`id`, `name`, `address`, `phone`, `email`, `isActive`, `createdAt`, `updatedAt`) VALUES ('091caec0-963a-43d3-be1c-c40aa0d403df', 'Bologna', NULL, NULL, NULL, 1, '2026-02-25 13:56:45', '2026-02-25 13:56:45'), ('default-store-001', 'Negozio Principale', 'Via Roma 1, Milano', NULL, NULL, 1, '2026-02-25 13:39:55', '2026-02-25 13:39:55');
--> statement-breakpoint
REPLACE INTO `suppliers` (`id`, `storeId`, `name`, `email`, `phone`, `address`, `notes`, `createdAt`, `updatedAt`) VALUES ('3s4dy1SulYhSRz4NXJzau', 'default-store-001', 'Dersut', '', '', '', 'Fornitore caffè', '2026-02-23 05:41:12', '2026-02-23 05:41:12'), ('8hdTw5v-D3Fkj1d2Q8hQv', 'default-store-001', 'Metro', '', '', '', 'Cash & Carry', '2026-02-23 05:41:12', '2026-02-23 05:41:12'), ('BDuKexgaaoPr8x9UyYt2z', 'default-store-001', 'LM alimentare', NULL, NULL, NULL, NULL, '2026-02-03 22:31:35', '2026-02-03 22:31:35'), ('D_6zLic99bd5M_JpttKqa', 'default-store-001', 'Luxardo', '', '', '', 'Fornitore alcolici/liquori', '2026-02-23 05:41:12', '2026-02-23 05:41:12'), ('ETq2RFSsN9Ldeto89_0rQ', 'default-store-001', 'Atoms', '', '', '', 'Birrificio artigianale', '2026-02-23 05:41:12', '2026-02-23 05:41:12'), ('KaD8b-dRPdNwsAvuMQLKb', 'default-store-001', 'Amazon', NULL, NULL, NULL, NULL, '2026-02-03 22:31:35', '2026-02-03 22:31:35'), ('LKirUZ6bLvYy-HByX-WDt', 'default-store-001', 'Rumeni', NULL, NULL, NULL, NULL, '2026-02-03 22:31:35', '2026-02-03 22:31:35'), ('NXLDQ94g_j6cAN2bUOPLH', 'default-store-001', 'Cinesi', NULL, NULL, NULL, NULL, '2026-02-03 22:31:35', '2026-02-03 22:31:35'), ('VUw1_XdsDq2lKddRzZOuz', 'default-store-001', 'Allegro', '', '', '', 'Fornitore sala', '2026-02-23 05:41:12', '2026-02-23 05:41:12'), ('aDfAlvf_PYTGHOfasp1VL', 'default-store-001', 'Non specificato', NULL, NULL, NULL, NULL, '2026-02-03 22:31:35', '2026-02-03 22:31:35'), ('d6iz5GJudmwQb37CIhTCp', 'default-store-001', 'Corte dei Sapori', NULL, NULL, NULL, NULL, '2026-02-03 22:31:35', '2026-02-03 22:31:35'), ('fxaNwDEihUfdMkm_BsS0H', 'default-store-001', 'Soplaya', NULL, NULL, NULL, NULL, '2026-02-03 22:31:35', '2026-02-03 22:31:35'), ('pif3DXLMOFRFpvWvLt-le', 'default-store-001', 'DAC', NULL, NULL, NULL, NULL, '2026-02-03 22:31:35', '2026-02-03 22:31:35'), ('sLJ1n9zmLvuU1b6-EunU9', 'default-store-001', 'Verduraio', NULL, NULL, NULL, NULL, '2026-02-03 22:31:35', '2026-02-03 22:31:35'), ('tVwtRZod2ZFU7l7xAB3OE', 'default-store-001', 'Fine Food', NULL, NULL, NULL, NULL, '2026-02-03 22:31:35', '2026-02-03 22:31:35'), ('y5jTshE14pJYFGHROzggf', 'default-store-001', 'Tutte le spezie del mondo', NULL, NULL, NULL, NULL, '2026-02-03 22:31:35', '2026-02-03 22:31:35'), ('zwRZU19QmUO4K8O_cVOAm', 'default-store-001', 'Pool Pack', NULL, NULL, NULL, NULL, '2026-02-03 22:31:35', '2026-02-03 22:31:35');
--> statement-breakpoint
REPLACE INTO `ingredients` (`id`, `storeId`, `name`, `supplier`, `category`, `unitType`, `packageQuantity`, `packagePrice`, `pricePerKgOrUnit`, `notes`, `isActive`, `createdAt`, `updatedAt`, `supplierId`, `is_food`, `isOrderable`, `isSellable`, `allergens`, `isSalaItem`, `subcategory`, `packageType`, `department`) VALUES ('-NR_eqJZw58OxYvzfuaoQ', 'default-store-001', 'Mascarpone', 'Soplaya', 'Altro', 'k', '0.500', '3.29', '6.58', NULL, 1, '2026-02-03 15:47:02', '2026-02-24 06:38:04', 'fxaNwDEihUfdMkm_BsS0H', 1, 1, 1, NULL, 0, NULL, NULL, 'Cucina'), ('-WmtKNxbHF3obD2lQS_sS', 'default-store-001', 'Rabarbaro', 'Tutte le spezie del mondo', 'Spezie', 'k', '0.250', '17.75', '71.00', NULL, 1, '2026-02-03 15:47:03', '2026-02-05 00:40:11', 'y5jTshE14pJYFGHROzggf', 1, 1, 0, NULL, 0, NULL, NULL, 'Cucina'), ('-eBrJDJmFHyvvmUV_T9gC', 'default-store-001', 'Paprica affumicata', 'Tutte le spezie del mondo', 'Spezie', 'k', '1.000', '26.90', '26.90', NULL, 1, '2026-02-03 15:47:03', '2026-02-05 00:40:11', 'y5jTshE14pJYFGHROzggf', 1, 1, 0, NULL, 0, NULL, NULL, 'Cucina'), ('0TKQbZT91FRZfSZH1_LBp', 'default-store-001', 'Amido di mais', 'LM alimentare', 'Altro', 'k', '1.000', '2.02', '2.02', NULL, 1, '2026-02-03 15:47:02', '2026-02-23 05:40:56', 'YvX5en9qRH1oNRg4NS4hW', 1, 1, 1, NULL, 0, NULL, NULL, 'Cucina'), ('0baArEbE31epLsaL896Kz', 'default-store-001', 'Tartare', 'Soplaya', 'Carni', 'k', '0.100', '1.63', '16.30', NULL, 1, '2026-02-03 15:47:02', '2026-02-23 06:10:14', 'fxaNwDEihUfdMkm_BsS0H', 1, 1, 1, NULL, 0, NULL, 'Busta', 'Cucina'), ('0nBZtngMB_AZ1jNHOiMs4', 'default-store-001', 'Onion rings', 'Soplaya', 'Altro', 'k', '6.000', '34.03', '5.67', NULL, 1, '2026-02-03 15:47:02', '2026-02-23 06:07:07', 'fxaNwDEihUfdMkm_BsS0H', 1, 1, 1, NULL, 0, NULL, NULL, 'Cucina'), ('0nIz7Gln1UGjUHTP8o5X7', 'default-store-001', 'Contenitori PLA (50ml)', 'Pool Pack', 'Altro', 'u', '500.000', '14.38', '0.03', NULL, 1, '2026-02-03 15:47:02', '2026-02-23 06:03:56', 'zwRZU19QmUO4K8O_cVOAm', 1, 1, 1, NULL, 0, NULL, NULL, 'Cucina'), ('18f1eced-2001-4656-b73d-f5a882512ac2', 'default-store-001', 'Olio EVO CUCINA', NULL, 'Altro', 'k', '5.000', '29.50', '5.90', NULL, 1, '2026-02-23 05:47:14', '2026-02-23 05:47:31', 'fxaNwDEihUfdMkm_BsS0H', 1, 1, 1, NULL, 0, NULL, 'Bottiglia', 'Cucina'), ('1k184DpX54qBVYORxm4UB', 'default-store-001', 'Limone', 'Soplaya', 'Altro', 'k', '1.000', '2.05', '2.05', NULL, 1, '2026-02-03 15:47:03', '2026-02-05 00:40:11', 'fxaNwDEihUfdMkm_BsS0H', 1, 1, 1, NULL, 0, NULL, NULL, 'Cucina'), ('2mlpqaCqWu8ZpbV3DXr99', 'default-store-001', 'Beyond vegan Nuggets', 'Fine Food', 'Altro', 'k', '4.000', '77.25', '19.31', NULL, 1, '2026-02-03 15:47:02', '2026-02-05 00:40:11', 'tVwtRZod2ZFU7l7xAB3OE', 1, 1, 1, NULL, 0, NULL, NULL, 'Cucina'), ('4OZAqDPP_5p03YOLHbMSG', 'default-store-001', 'Fiocchi di pomodoro', 'Soplaya', 'Altro', 'k', '0.500', '5.01', '10.02', NULL, 1, '2026-02-03 15:47:03', '2026-02-05 01:12:50', 'fxaNwDEihUfdMkm_BsS0H', 1, 1, 1, NULL, 0, NULL, NULL, 'Cucina'), ('4TSeaj4kXeTdLp2xc1Td9', 'default-store-001', 'Onion flakes', 'Soplaya', 'Altro', 'k', '1.000', '6.73', '6.73', NULL, 1, '2026-02-03 15:47:03', '2026-02-05 00:40:11', 'fxaNwDEihUfdMkm_BsS0H', 1, 1, 1, NULL, 0, NULL, NULL, 'Cucina'), ('51HLLBXEICMelmEMcj1GT', 'default-store-001', 'Shopper Bio', 'Pool Pack', 'Packaging', 'u', '500.000', '21.24', '0.04', '', 1, '2026-02-03 15:47:02', '2026-02-24 06:26:13', 'zwRZU19QmUO4K8O_cVOAm', 1, 1, 1, NULL, 0, NULL, NULL, 'Sala'), ('69fqgEbzFfEvq0RT7fVXM', 'default-store-001', 'Reale (denver) (250-300g)', 'Corte dei Sapori', 'Carni', 'u', '0.300', '4.79', '15.97', NULL, 1, '2026-02-03 15:47:02', '2026-02-23 06:28:58', 'd6iz5GJudmwQb37CIhTCp', 1, 1, 1, NULL, 0, NULL, 'Busta', 'Cucina'), ('6SAW6WYFO6wp5ZG5FbIO3', 'default-store-001', 'Funghi acularia', 'Cinesi', 'Altro', 'k', '1.000', '18.00', '18.00', NULL, 1, '2026-02-03 15:47:02', '2026-02-05 00:40:11', 'NXLDQ94g_j6cAN2bUOPLH', 1, 1, 1, NULL, 0, NULL, NULL, 'Cucina'), ('8B1yQ77vJv0lj5H80Lf5U', 'default-store-001', 'Sriracha', 'Soplaya', 'Altro', 'k', '0.475', '3.79', '7.98', NULL, 1, '2026-02-03 15:47:02', '2026-02-05 00:40:11', 'fxaNwDEihUfdMkm_BsS0H', 1, 1, 1, NULL, 0, NULL, NULL, 'Cucina'), ('8MGqTFeya9c3GcAyp7n0B', 'default-store-001', 'Radice di angelica', 'Tutte le spezie del mondo', 'Spezie', 'k', '0.250', '18.59', '74.36', NULL, 1, '2026-02-03 15:47:03', '2026-02-05 00:40:11', 'y5jTshE14pJYFGHROzggf', 1, 1, 0, NULL, 0, NULL, NULL, 'Cucina'), ('8QOR2BrvjV4FWrnXBoH9Q', 'default-store-001', 'Detersivo pavimenti', 'Pool Pack', 'Altro', 'u', '5.000', '37.00', '7.40', NULL, 1, '2026-02-03 15:47:02', '2026-02-05 01:12:51', 'zwRZU19QmUO4K8O_cVOAm', 1, 1, 1, NULL, 0, NULL, NULL, 'Cucina'), ('8UGnvszILjzPv-va-h9rw', 'default-store-001', 'Panni stracci', 'Pool Pack', 'Altro', 'u', '1.000', '0.00', '0.00', NULL, 1, '2026-02-03 15:47:02', '2026-02-04 00:46:55', 'zwRZU19QmUO4K8O_cVOAm', 1, 1, 1, NULL, 0, NULL, NULL, 'Cucina'), ('9WQvqdGlWFZnk7yV8gQnt', 'default-store-001', 'Xantana', 'Amazon', 'Additivi', 'k', '1.000', '27.79', '27.79', NULL, 1, '2026-02-03 15:47:02', '2026-02-05 00:40:11', 'KaD8b-dRPdNwsAvuMQLKb', 1, 1, 1, NULL, 0, NULL, NULL, 'Cucina'), ('A3Pl0D9uqtzQqJ02WFNJD', 'default-store-001', 'Erbette surgelate', 'Soplaya', 'Altro', 'k', '1.000', '5.33', '5.33', NULL, 1, '2026-02-03 15:47:02', '2026-02-05 00:40:11', 'fxaNwDEihUfdMkm_BsS0H', 1, 1, 1, NULL, 0, NULL, NULL, 'Cucina'), ('AJHyMU9JKkZc01X7VHVFb', 'default-store-001', 'Uova', 'Soplaya', 'Altro', 'u', '90.000', '21.76', '0.24', NULL, 1, '2026-02-03 15:47:02', '2026-02-23 06:11:06', 'fxaNwDEihUfdMkm_BsS0H', 1, 1, 1, NULL, 0, NULL, 'Cartone', 'Cucina'), ('AXafxyjBGYDyU7BwV4znb', 'default-store-001', 'Batatine (sweet potato fries 9x9)', 'Soplaya', 'Altro', 'k', '10.000', '40.73', '4.07', NULL, 1, '2026-02-03 15:47:02', '2026-02-05 00:40:11', 'fxaNwDEihUfdMkm_BsS0H', 1, 1, 1, NULL, 0, NULL, NULL, 'Cucina'), ('B23PC4FO2fVaOme1qxPls', 'default-store-001', 'Aglio pelato', 'DAC', 'Verdura', 'k', '1.000', '5.98', '5.98', NULL, 1, '2026-02-03 15:47:02', '2026-02-23 05:25:34', 'fxaNwDEihUfdMkm_BsS0H', 1, 1, 1, NULL, 0, NULL, NULL, 'Cucina'), ('B3HkMe07FuVPn4A1TW7k0', 'default-store-001', 'Tovaglioli tavolo (UNION)', 'Pool Pack', 'Altro', 'u', '1.200', '0.00', '0.00', NULL, 1, '2026-02-03 15:47:02', '2026-02-24 06:26:31', 'zwRZU19QmUO4K8O_cVOAm', 1, 1, 1, NULL, 0, NULL, NULL, 'Sala'), ('BETcDYTrlwSruEqI57LXO', 'default-store-001', 'Tovaglioli (delivery)', 'Pool Pack', 'Altro', 'u', '4.000', '19.60', '4.90', NULL, 1, '2026-02-03 15:47:02', '2026-02-09 03:24:22', 'zwRZU19QmUO4K8O_cVOAm', 1, 1, 1, NULL, 0, NULL, NULL, 'Cucina'), ('BGtpWHKEblWCiK6F0szR5', 'default-store-001', 'Zucchero invertito', 'LM alimentare', 'Altro', 'k', '10.000', '20.00', '2.00', NULL, 1, '2026-02-03 15:47:02', '2026-02-05 00:40:11', 'BDuKexgaaoPr8x9UyYt2z', 1, 1, 1, NULL, 0, NULL, NULL, 'Cucina'), ('BfM0cgLmN22IyidrAk5iq', 'default-store-001', 'Fondo bruno vegano', 'Soplaya', 'Altro', 'k', '1.000', '20.53', '20.53', NULL, 1, '2026-02-03 15:47:02', '2026-02-05 00:40:11', 'fxaNwDEihUfdMkm_BsS0H', 1, 1, 1, NULL, 0, NULL, NULL, 'Cucina'), ('Ccazcxew5p3zFSCTrV8mB', 'default-store-001', 'Malto diastasico', 'LM alimentare', 'Additivi', 'k', '1.000', '4.20', '4.20', NULL, 1, '2026-02-03 15:47:02', '2026-02-23 05:40:56', 'YvX5en9qRH1oNRg4NS4hW', 1, 1, 1, NULL, 0, NULL, NULL, 'Cucina'), ('DUZJcqzD2gdvRhTZwkwaX', 'default-store-001', 'Busta sv 30x40', 'Pool Pack', 'Altro', 'u', '100.000', '12.73', '0.13', NULL, 1, '2026-02-03 15:47:02', '2026-02-23 06:04:49', 'zwRZU19QmUO4K8O_cVOAm', 1, 1, 1, NULL, 0, NULL, NULL, 'Cucina'), ('DqwWsjN7BTvHStGeEZFWH', 'default-store-001', 'Sale grosso', 'Soplaya', 'Altro', 'k', '12.000', '3.68', '0.31', NULL, 1, '2026-02-03 15:47:02', '2026-02-05 00:40:11', 'fxaNwDEihUfdMkm_BsS0H', 1, 1, 1, NULL, 0, NULL, NULL, 'Cucina'), ('E_lg2LmUumGJoBlx6ReY_', 'default-store-001', 'Amido pregelatinizzato', 'LM alimentare', 'Altro', 'k', '1.000', '6.50', '6.50', NULL, 1, '2026-02-03 15:47:02', '2026-02-05 00:40:11', 'BDuKexgaaoPr8x9UyYt2z', 1, 1, 1, NULL, 0, NULL, NULL, 'Cucina'), ('EaumjPIivmFGT3dE5cHPF', 'default-store-001', 'Sacchetti antigrasso fritti', 'Pool Pack', 'Altro', 'u', '1000.000', '39.75', '0.04', NULL, 1, '2026-02-03 15:47:02', '2026-02-23 06:05:01', 'zwRZU19QmUO4K8O_cVOAm', 1, 1, 1, NULL, 0, NULL, NULL, 'Cucina'), ('Eo3-KwuigsjnKAo9WE3rd', 'default-store-001', 'Buste delivery', 'Pool Pack', 'Altro', 'u', '1.000', '0.00', '0.00', NULL, 1, '2026-02-03 15:47:02', '2026-02-04 00:46:55', 'zwRZU19QmUO4K8O_cVOAm', 1, 1, 1, NULL, 0, NULL, NULL, 'Cucina'), ('EoHknGM2IXsJHXLYZ7T-M', 'default-store-001', 'Carote', 'Soplaya', 'Altro', 'k', '1.000', '1.23', '1.23', NULL, 1, '2026-02-03 15:47:02', '2026-02-05 00:40:11', 'fxaNwDEihUfdMkm_BsS0H', 1, 1, 1, NULL, 0, NULL, NULL, 'Cucina'), ('FRrYSavhPvnXXMqap7kg_', 'default-store-001', 'Guanti da cucina', 'Pool Pack', 'Altro', 'u', '100.000', '3.89', '0.04', NULL, 1, '2026-02-03 15:47:02', '2026-02-23 06:05:14', 'zwRZU19QmUO4K8O_cVOAm', 1, 1, 1, NULL, 0, NULL, NULL, 'Cucina'), ('Ftq8-h3hlfVQbfx1FKYvf', 'default-store-001', 'Lardo', 'Soplaya', 'Altro', 'k', '1.400', '10.97', '7.84', NULL, 1, '2026-02-03 15:47:03', '2026-02-23 06:09:23', 'fxaNwDEihUfdMkm_BsS0H', 1, 1, 1, NULL, 0, NULL, 'Busta', 'Cucina'), ('FuGZtr1Ivq9UEVdfxUF63', 'default-store-001', 'Latte di soja', 'Soplaya', 'Altro', 'k', '1.000', '0.00', '0.00', NULL, 1, '2026-02-03 15:47:02', '2026-02-05 00:40:11', 'fxaNwDEihUfdMkm_BsS0H', 1, 1, 1, NULL, 0, NULL, NULL, 'Cucina'), ('GSXmlc3nDbsjjcSYGO2pz', 'default-store-001', 'Olio di sesamo', 'Soplaya', 'Altro', 'k', '1.650', '21.29', '12.90', NULL, 1, '2026-02-03 15:47:02', '2026-02-23 06:17:06', 'fxaNwDEihUfdMkm_BsS0H', 1, 1, 1, NULL, 0, NULL, NULL, 'Cucina'), ('GkXj1zHYTIGqryYQoYvSw', 'default-store-001', 'Semi di papavero', 'Soplaya', 'Altro', 'k', '1.000', '8.45', '8.45', NULL, 1, '2026-02-03 15:47:02', '2026-02-05 00:40:11', 'fxaNwDEihUfdMkm_BsS0H', 1, 1, 1, NULL, 0, NULL, NULL, 'Cucina'), ('GnSAhgAWS-_Qi5GubSpR1', 'default-store-001', 'Misto uovo', 'LM alimentare', 'Additivi', 'k', '5.000', '16.65', '3.33', NULL, 1, '2026-02-03 15:47:02', '2026-02-23 06:16:48', 'BDuKexgaaoPr8x9UyYt2z', 1, 1, 1, NULL, 0, NULL, NULL, 'Cucina'), ('H5LEr9Sp9xeIEOiALCApr', 'default-store-001', 'Roggena', 'LM alimentare', 'Altro', 'k', '10.000', '39.00', '3.90', NULL, 1, '2026-02-03 15:47:02', '2026-02-05 00:40:11', 'BDuKexgaaoPr8x9UyYt2z', 1, 1, 1, NULL, 0, NULL, NULL, 'Cucina'), ('HJqq-P8q91nc9QaK7wGBc', 'default-store-001', 'Cumino', 'Tutte le spezie del mondo', 'Spezie', 'k', '1.000', '19.90', '19.90', NULL, 1, '2026-02-03 15:47:03', '2026-02-05 00:40:11', 'y5jTshE14pJYFGHROzggf', 1, 1, 0, NULL, 0, NULL, NULL, 'Cucina'), ('HKo1g2fIm23siqoxMe2qe', 'default-store-001', 'Thè affumicato', 'Tutte le spezie del mondo', 'Spezie', 'k', '0.250', '20.90', '83.60', NULL, 1, '2026-02-03 15:47:03', '2026-02-05 00:40:11', 'y5jTshE14pJYFGHROzggf', 1, 1, 0, NULL, 0, NULL, NULL, 'Cucina'), ('Hz8vWuFoVCSTjbq-pM_My', 'default-store-001', 'Pasta di vaniglia', 'Tutte le spezie del mondo', 'Spezie', 'k', '0.100', '23.36', '233.60', NULL, 1, '2026-02-03 15:47:03', '2026-02-05 01:12:50', 'y5jTshE14pJYFGHROzggf', 1, 1, 0, NULL, 0, NULL, NULL, 'Cucina'), ('ILWfxSxtV7MQX6Weayfe9', 'default-store-001', 'Cipolla', 'Verduraio', 'Altro', 'k', '1.000', '1.50', '1.50', NULL, 1, '2026-02-03 15:47:03', '2026-02-05 00:40:11', 'sLJ1n9zmLvuU1b6-EunU9', 1, 1, 1, NULL, 0, NULL, NULL, 'Cucina'), ('I_2s4hfY98dAEF9xBAI7l', 'default-store-001', 'Costole di maiale', 'Corte dei Sapori', 'Carni', 'k', '1.000', '4.99', '4.99', NULL, 1, '2026-02-03 15:47:02', '2026-02-05 00:40:11', 'd6iz5GJudmwQb37CIhTCp', 1, 1, 1, NULL, 0, NULL, NULL, 'Cucina'), ('J7-r5Q-5d6x_YGKwF0Fzm', 'default-store-001', 'CL soffice', 'LM alimentare', 'Additivi', 'k', '10.000', '6.03', '0.60', NULL, 1, '2026-02-03 15:47:02', '2026-02-05 00:40:11', 'BDuKexgaaoPr8x9UyYt2z', 1, 1, 1, NULL, 0, NULL, NULL, 'Cucina'), ('JAgMW0zEKrLrp7URpo2m1', 'default-store-001', 'Spugne', 'Pool Pack', 'Altro', 'u', '10.000', '3.29', '0.33', NULL, 1, '2026-02-03 15:47:02', '2026-02-23 06:05:23', 'zwRZU19QmUO4K8O_cVOAm', 1, 1, 1, NULL, 0, NULL, NULL, 'Cucina'), ('K96xgJuk21k-riLobDzmM', 'default-store-001', 'Funghi shitake', 'Soplaya', 'Altro', 'k', '1.000', '0.00', '0.00', NULL, 1, '2026-02-03 15:47:02', '2026-02-05 01:12:50', 'fxaNwDEihUfdMkm_BsS0H', 1, 1, 1, NULL, 0, NULL, NULL, 'Cucina');
--> statement-breakpoint
REPLACE INTO `ingredients` (`id`, `storeId`, `name`, `supplier`, `category`, `unitType`, `packageQuantity`, `packagePrice`, `pricePerKgOrUnit`, `notes`, `isActive`, `createdAt`, `updatedAt`, `supplierId`, `is_food`, `isOrderable`, `isSellable`, `allergens`, `isSalaItem`, `subcategory`, `packageType`, `department`) VALUES ('L4bHpuBjzgEpADa0wLZ77', 'default-store-001', 'Tuorlo in polvere', 'LM alimentare', 'Altro', 'k', '20.000', '345.00', '17.25', NULL, 1, '2026-02-03 15:47:02', '2026-02-05 00:40:11', 'BDuKexgaaoPr8x9UyYt2z', 1, 1, 1, NULL, 0, NULL, NULL, 'Cucina'), ('LPEaucbkK1FCgY7w6I1vd', 'default-store-001', '"Nutella"', 'LM alimentare', 'Altro', 'k', '13.000', '67.28', '5.18', '', 1, '2026-02-03 15:47:02', '2026-02-05 00:54:33', 'BDuKexgaaoPr8x9UyYt2z', 1, 1, 1, NULL, 0, NULL, NULL, 'Cucina'), ('LYoyZYMhKDWi7oA9EByNs', 'default-store-001', 'Carta paglia', 'Pool Pack', 'Altro', 'k', '10.000', '13.30', '1.33', NULL, 1, '2026-02-03 15:47:02', '2026-02-05 00:40:11', 'zwRZU19QmUO4K8O_cVOAm', 1, 1, 1, NULL, 0, NULL, NULL, 'Cucina'), ('LcnbDAd8Ens40P998Zevq', 'default-store-001', 'Tovaglioli economici (sala)', 'Pool Pack', 'Altro', 'u', '10000.000', '118.56', '0.01', NULL, 1, '2026-02-03 15:47:02', '2026-02-24 06:27:06', 'zwRZU19QmUO4K8O_cVOAm', 1, 1, 1, NULL, 0, NULL, NULL, 'Sala'), ('MOH6ORoElpEhkH-GALSos', 'default-store-001', 'Sumac', 'Tutte le spezie del mondo', 'Spezie', 'k', '1.000', '28.00', '28.00', NULL, 1, '2026-02-03 15:47:03', '2026-02-05 00:40:11', 'y5jTshE14pJYFGHROzggf', 1, 1, 0, NULL, 0, NULL, NULL, 'Cucina'), ('MU0gZ5sl4CmugEiIbArOk', 'default-store-001', 'Arachidi', 'Soplaya', 'Altro', 'k', '1.000', '4.93', '4.93', NULL, 1, '2026-02-03 15:47:02', '2026-02-05 00:40:11', 'fxaNwDEihUfdMkm_BsS0H', 1, 1, 1, NULL, 0, NULL, NULL, 'Cucina'), ('NlyFJyxttv5mMlErPDPRy', 'default-store-001', 'Cannella', 'Tutte le spezie del mondo', 'Spezie', 'k', '0.250', '15.08', '60.32', NULL, 1, '2026-02-03 15:47:03', '2026-02-05 00:40:11', 'y5jTshE14pJYFGHROzggf', 1, 1, 0, NULL, 0, NULL, NULL, 'Cucina'), ('O6XP13WcvRDujOJgmbNWR', 'default-store-001', 'Aceto di mele', 'Soplaya', 'Altro', 'k', '3.000', '7.07', '2.36', NULL, 1, '2026-02-03 15:47:02', '2026-02-05 00:40:11', 'fxaNwDEihUfdMkm_BsS0H', 1, 1, 1, NULL, 0, NULL, NULL, 'Cucina'), ('OCLsME-xN-9RgKpkUvd3-', 'default-store-001', 'Pepe di sichuan', 'Tutte le spezie del mondo', 'Spezie', 'k', '1.000', '57.70', '57.70', NULL, 1, '2026-02-03 15:47:03', '2026-02-05 00:40:11', 'y5jTshE14pJYFGHROzggf', 1, 1, 0, NULL, 0, NULL, NULL, 'Cucina'), ('OI2g9AyQmzUkChe7-lV91', 'default-store-001', 'Carne', 'Corte dei Sapori', 'Carni', 'k', '1.000', '7.17', '7.17', NULL, 1, '2026-02-03 15:47:02', '2026-02-05 00:40:11', 'd6iz5GJudmwQb37CIhTCp', 1, 1, 1, NULL, 0, NULL, NULL, 'Cucina'), ('ObWI3kjqkhnWSgB3Gqu3f', 'default-store-001', 'Tuorlo d''uovo special', 'LM alimentare', 'Altro', 'k', '5.000', '47.45', '9.49', NULL, 1, '2026-02-03 15:47:02', '2026-02-23 22:21:53', 'YvX5en9qRH1oNRg4NS4hW', 1, 1, 1, NULL, 0, NULL, NULL, 'Cucina'), ('OmvtsLh_qP6u4O6NQEhbD', 'default-store-001', 'Carta burger', 'Pool Pack', 'Altro', 'u', '1.000', '0.00', '0.00', NULL, 1, '2026-02-03 15:47:02', '2026-02-04 00:46:56', 'zwRZU19QmUO4K8O_cVOAm', 1, 1, 1, NULL, 0, NULL, NULL, 'Cucina'), ('OunOiMNUBKVl1IqXxOfdh', 'default-store-001', 'Rotoli Scontrini 57mm', 'Pool Pack', 'Altro', 'u', '10.000', '16.41', '1.64', NULL, 1, '2026-02-03 15:47:02', '2026-02-24 06:27:16', 'zwRZU19QmUO4K8O_cVOAm', 1, 1, 1, NULL, 0, NULL, NULL, 'Sala'), ('P1lKaomX1bvsq77XuYyE0', 'default-store-001', 'Aceto di alcool', 'Soplaya', 'Altro', 'k', '1.000', '0.00', '0.00', NULL, 1, '2026-02-03 15:47:02', '2026-02-05 00:40:11', 'fxaNwDEihUfdMkm_BsS0H', 1, 1, 1, NULL, 0, NULL, NULL, 'Cucina'), ('P4w4wXW-IA4w9yrSHr9LD', 'default-store-001', 'Cetriolini salamoia', 'Rumeni', 'Altro', 'k', '0.400', '2.50', '6.25', NULL, 1, '2026-02-03 15:47:02', '2026-02-05 00:40:11', 'LKirUZ6bLvYy-HByX-WDt', 1, 1, 1, NULL, 0, NULL, NULL, 'Cucina'), ('PLbpgh1c6WaeycGdmaf5M', 'default-store-001', 'Paprica dolce', 'Tutte le spezie del mondo', 'Spezie', 'k', '1.000', '26.90', '26.90', NULL, 1, '2026-02-03 15:47:03', '2026-02-05 00:40:11', 'y5jTshE14pJYFGHROzggf', 1, 1, 0, NULL, 0, NULL, NULL, 'Cucina'), ('Pc1GevVHN5m7LdoV6vbVt', 'default-store-001', 'Farina UNIQUA Viola', 'LM alimentare', 'Farine', 'k', '5.000', '12.00', '2.40', NULL, 1, '2026-02-03 15:47:02', '2026-02-23 05:40:56', 'YvX5en9qRH1oNRg4NS4hW', 1, 1, 1, NULL, 0, NULL, NULL, 'Cucina'), ('Pm9owjv3SFys2fnqIC7KI', 'default-store-001', 'Semi di senape gialla', 'Tutte le spezie del mondo', 'Spezie', 'k', '1.000', '18.40', '18.40', NULL, 1, '2026-02-03 15:47:03', '2026-02-05 00:40:11', 'y5jTshE14pJYFGHROzggf', 1, 1, 0, NULL, 0, NULL, NULL, 'Cucina'), ('PmeelLah0jlESlw2Tw1xW', 'default-store-001', 'Busta sv 20x30', 'Pool Pack', 'Altro', 'u', '100.000', '9.30', '0.09', NULL, 1, '2026-02-03 15:47:02', '2026-02-23 06:05:46', 'zwRZU19QmUO4K8O_cVOAm', 1, 1, 1, NULL, 0, NULL, NULL, 'Cucina'), ('PwgmBVO3mTcdRtQABTGFi', 'default-store-001', 'Peperoni', 'Soplaya', 'Altro', 'k', '1.000', '2.98', '2.98', NULL, 1, '2026-02-03 15:47:02', '2026-02-05 00:40:11', 'fxaNwDEihUfdMkm_BsS0H', 1, 1, 1, NULL, 0, NULL, NULL, 'Cucina'), ('Q5LWW8sY1AKOoWsfV_-tu', 'default-store-001', 'Zucchero', 'Soplaya', 'Altro', 'k', '1.000', '0.82', '0.82', NULL, 1, '2026-02-03 15:47:02', '2026-02-05 00:40:11', 'fxaNwDEihUfdMkm_BsS0H', 1, 1, 1, NULL, 0, NULL, NULL, 'Cucina'), ('Q60NgYIahsKyyhMqyM0vl', 'default-store-001', 'Carta paglia tagliata', 'Pool Pack', 'Altro', 'k', '10.000', '13.30', '1.33', NULL, 1, '2026-02-03 15:47:02', '2026-02-05 00:40:11', 'zwRZU19QmUO4K8O_cVOAm', 1, 1, 1, NULL, 0, NULL, NULL, 'Cucina'), ('RUGDyQUT3arU1ANxc3roh', 'default-store-001', 'Vino bianco', 'Non specificato', 'Altro', 'k', '0.750', '5.00', '6.67', NULL, 1, '2026-02-03 15:47:03', '2026-02-05 00:40:11', 'aDfAlvf_PYTGHOfasp1VL', 1, 1, 1, NULL, 0, NULL, NULL, 'Cucina'), ('RYNN4WX1SuZGGz9Jwe14W', 'default-store-001', 'Coriandolo', 'Soplaya', 'Altro', 'k', '0.500', '14.28', '28.56', NULL, 1, '2026-02-03 15:47:03', '2026-02-05 00:40:11', 'fxaNwDEihUfdMkm_BsS0H', 1, 1, 1, NULL, 0, NULL, NULL, 'Cucina'), ('SAL001', 'default-store-001', 'BIB Pepsi', 'Allegro', 'Bevande', 'u', '1.000', '0.00', '0.00', '', 1, '2026-02-10 00:13:39', '2026-02-23 05:41:12', 'VUw1_XdsDq2lKddRzZOuz', 1, 1, 1, NULL, 1, NULL, 'Scatola', 'Sala'), ('SAL002', 'default-store-001', 'Pepsi Lattina', 'Allegro', 'Bevande', 'u', '1.000', '0.00', '0.00', '', 1, '2026-02-10 00:13:39', '2026-02-23 05:41:12', 'VUw1_XdsDq2lKddRzZOuz', 1, 1, 1, NULL, 1, NULL, 'Lattina', 'Sala'), ('SAL003', 'default-store-001', 'Pepsi Zero lattina', 'Allegro', 'Bevande', 'u', '1.000', '0.00', '0.00', '', 1, '2026-02-10 00:13:39', '2026-02-23 05:41:12', 'VUw1_XdsDq2lKddRzZOuz', 1, 1, 1, NULL, 1, NULL, 'Lattina', 'Sala'), ('SAL004', 'default-store-001', 'Lipton Limone lattina', 'Allegro', 'Bevande', 'u', '1.000', '0.00', '0.00', '', 1, '2026-02-10 00:13:39', '2026-02-23 05:41:12', 'VUw1_XdsDq2lKddRzZOuz', 1, 1, 1, NULL, 1, NULL, 'Lattina', 'Sala'), ('SAL005', 'default-store-001', 'Lipton Pesca lattina', 'Allegro', 'Bevande', 'u', '1.000', '0.00', '0.00', '', 1, '2026-02-10 00:13:39', '2026-02-23 05:41:12', 'VUw1_XdsDq2lKddRzZOuz', 1, 1, 1, NULL, 1, NULL, 'Lattina', 'Sala'), ('SAL006', 'default-store-001', 'Mirinda lattina', 'Allegro', 'Bevande', 'u', '1.000', '0.00', '0.00', NULL, 1, '2026-02-10 00:13:39', '2026-02-23 05:41:12', 'VUw1_XdsDq2lKddRzZOuz', 1, 1, 1, NULL, 1, NULL, 'Lattina', 'Sala'), ('SAL007', 'default-store-001', '7up lattina', 'Allegro', 'Bevande', 'u', '24.000', '0.00', '0.00', NULL, 1, '2026-02-10 00:13:39', '2026-02-23 05:53:11', 'VUw1_XdsDq2lKddRzZOuz', 1, 1, 1, NULL, 1, NULL, 'Lattina', 'Sala'), ('SAL008', 'default-store-001', 'RedBull lattina', 'Allegro', 'Bevande', 'u', '1.000', '0.00', '0.00', NULL, 1, '2026-02-10 00:13:39', '2026-02-23 05:41:12', 'VUw1_XdsDq2lKddRzZOuz', 1, 1, 1, NULL, 1, NULL, 'Lattina', 'Sala'), ('SAL009', 'default-store-001', 'Acqua Naturale lattina', 'Soplaya', 'Bevande', 'u', '24.000', '11.48', '0.48', NULL, 1, '2026-02-10 00:13:39', '2026-02-23 06:18:52', 'fxaNwDEihUfdMkm_BsS0H', 1, 1, 1, NULL, 1, NULL, 'Lattina', 'Sala'), ('SAL010', 'default-store-001', 'Acqua Frizzante lattina', 'Soplaya', 'Bevande', 'u', '24.000', '11.48', '0.48', NULL, 1, '2026-02-10 00:13:39', '2026-02-23 06:18:36', 'fxaNwDEihUfdMkm_BsS0H', 1, 1, 1, NULL, 1, NULL, 'Lattina', 'Sala'), ('SAL011', 'default-store-001', 'Stuzzicadenti', 'Pool Pack', 'Non Food', 'u', '1.000', '0.00', '0.00', NULL, 1, '2026-02-10 00:24:27', '2026-02-23 05:41:12', 'zwRZU19QmUO4K8O_cVOAm', 1, 1, 1, NULL, 1, NULL, 'Scatola', 'Sala'), ('SAL012', 'default-store-001', 'Salsa Worcestershire', 'Soplaya', 'Bevande', 'u', '1.000', '4.61', '4.61', NULL, 1, '2026-02-10 00:24:27', '2026-02-23 06:19:17', 'fxaNwDEihUfdMkm_BsS0H', 1, 1, 1, NULL, 1, NULL, 'Scatola', 'Sala'), ('SAL013', 'default-store-001', 'Menta', 'Soplaya', 'Bevande', 'u', '1.000', '0.00', '0.00', NULL, 1, '2026-02-10 00:24:27', '2026-02-23 05:41:12', 'fxaNwDEihUfdMkm_BsS0H', 1, 1, 1, NULL, 1, NULL, 'Scatola', 'Sala'), ('SAL014', 'default-store-001', 'Basilico', 'Soplaya', 'Spezie', 'u', '1.000', '0.00', '0.00', NULL, 1, '2026-02-10 00:24:27', '2026-02-23 05:41:12', 'fxaNwDEihUfdMkm_BsS0H', 1, 1, 1, NULL, 1, NULL, 'Scatola', 'Cucina'), ('SAL015', 'default-store-001', 'Arance', 'Soplaya', 'Verdura', 'u', '1.000', '0.00', '0.00', NULL, 1, '2026-02-10 00:24:27', '2026-02-23 05:41:12', 'fxaNwDEihUfdMkm_BsS0H', 1, 1, 1, NULL, 1, NULL, 'Scatola', 'Cucina'), ('SAL016', 'default-store-001', 'Lemon Soda', 'Allegro', 'Bevande', 'u', '1.000', '0.00', '0.00', NULL, 1, '2026-02-10 00:24:27', '2026-02-23 05:41:12', 'VUw1_XdsDq2lKddRzZOuz', 1, 1, 1, NULL, 1, NULL, 'Scatola', 'Sala'), ('SAL017', 'default-store-001', 'Salviette Umidificate', 'Pool Pack', 'Non Food', 'u', '1000.000', '0.00', '0.00', NULL, 1, '2026-02-10 00:24:27', '2026-02-23 05:55:41', 'zwRZU19QmUO4K8O_cVOAm', 1, 1, 1, NULL, 1, NULL, 'Scatola', 'Sala'), ('SAL018', 'default-store-001', 'Olio d''oliva (sala)', 'Soplaya', 'Bevande', 'u', '1.000', '0.00', '0.00', NULL, 1, '2026-02-10 00:24:27', '2026-02-23 05:41:12', 'fxaNwDEihUfdMkm_BsS0H', 1, 1, 1, NULL, 1, NULL, 'Scatola', 'Sala'), ('SAL019', 'default-store-001', 'Aceto Balsamico (sala)', 'Soplaya', 'Bevande', 'u', '1.000', '0.00', '0.00', NULL, 1, '2026-02-10 00:24:27', '2026-02-23 05:41:12', 'fxaNwDEihUfdMkm_BsS0H', 1, 1, 1, NULL, 1, NULL, 'Scatola', 'Sala'), ('SAL020', 'default-store-001', 'Caramelle', 'Metro', 'Altro', 'u', '1.000', '0.00', '0.00', NULL, 1, '2026-02-10 00:24:27', '2026-02-23 05:41:12', '8hdTw5v-D3Fkj1d2Q8hQv', 1, 1, 1, NULL, 1, NULL, 'Scatola', 'Sala'), ('SAL021', 'default-store-001', 'Analcolica Z2A', 'Altro', 'Altro', 'u', '1.000', '0.00', '0.00', NULL, 1, '2026-02-10 00:22:11', '2026-02-10 00:55:34', NULL, 1, 1, 1, NULL, 1, NULL, 'Scatola', 'Sala'), ('SAL022', 'default-store-001', 'Aperitivo Luxardo', 'Luxardo', 'Alcolici', 'u', '1.000', '0.00', '0.00', NULL, 1, '2026-02-10 00:22:11', '2026-02-23 05:41:12', 'D_6zLic99bd5M_JpttKqa', 1, 1, 1, NULL, 1, NULL, 'Scatola', 'Sala'), ('SAL023', 'default-store-001', 'BIB Liton Pesca', 'Allegro', 'Bevande', 'u', '1.000', '0.00', '0.00', NULL, 1, '2026-02-10 00:22:11', '2026-02-23 05:41:12', 'VUw1_XdsDq2lKddRzZOuz', 1, 1, 1, NULL, 1, NULL, 'Scatola', 'Sala'), ('SAL024', 'default-store-001', 'SUCCO Ananas', 'Allegro', 'Bevande', 'u', '1.000', '0.00', '0.00', NULL, 1, '2026-02-10 00:22:11', '2026-02-23 05:41:12', 'VUw1_XdsDq2lKddRzZOuz', 1, 1, 1, NULL, 1, NULL, 'Scatola', 'Sala'), ('SAL025', 'default-store-001', 'SUCCO Mirtillo', 'Allegro', 'Bevande', 'u', '1.000', '0.00', '0.00', NULL, 1, '2026-02-10 00:22:11', '2026-02-23 05:41:12', 'VUw1_XdsDq2lKddRzZOuz', 1, 1, 1, NULL, 1, NULL, 'Scatola', 'Sala'), ('SAL026', 'default-store-001', 'SUCCO Pompelmo', 'Allegro', 'Bevande', 'u', '1.000', '0.00', '0.00', NULL, 1, '2026-02-10 00:22:11', '2026-02-23 05:41:12', 'VUw1_XdsDq2lKddRzZOuz', 1, 1, 1, NULL, 1, NULL, 'Scatola', 'Sala');
--> statement-breakpoint
REPLACE INTO `ingredients` (`id`, `storeId`, `name`, `supplier`, `category`, `unitType`, `packageQuantity`, `packagePrice`, `pricePerKgOrUnit`, `notes`, `isActive`, `createdAt`, `updatedAt`, `supplierId`, `is_food`, `isOrderable`, `isSellable`, `allergens`, `isSalaItem`, `subcategory`, `packageType`, `department`) VALUES ('SAL027', 'default-store-001', 'SUCCO Pomodoro', 'Allegro', 'Bevande', 'u', '1.000', '0.00', '0.00', NULL, 1, '2026-02-10 00:22:11', '2026-02-23 05:41:12', 'VUw1_XdsDq2lKddRzZOuz', 1, 1, 1, NULL, 1, NULL, 'Scatola', 'Sala'), ('SAL028', 'default-store-001', 'The Fucking Beer - Pils (LATTINE)', 'Atoms', 'Birra', 'u', '1.000', '0.00', '0.00', NULL, 1, '2026-02-10 00:22:11', '2026-02-23 05:41:12', 'ETq2RFSsN9Ldeto89_0rQ', 1, 1, 1, NULL, 1, NULL, 'Scatola', 'Sala'), ('SAL029', 'default-store-001', 'The Fucking Beer - Marzen (LATTINE)', 'Atoms', 'Birra', 'u', '1.000', '0.00', '0.00', NULL, 1, '2026-02-10 00:22:11', '2026-02-23 05:41:12', 'ETq2RFSsN9Ldeto89_0rQ', 1, 1, 1, NULL, 1, NULL, 'Scatola', 'Sala'), ('SAL030', 'default-store-001', 'The Fucking Beer - Marzen (FUSTO)', 'Atoms', 'Birra', 'u', '1.000', '0.00', '0.00', NULL, 1, '2026-02-10 00:22:11', '2026-02-23 05:41:12', 'ETq2RFSsN9Ldeto89_0rQ', 1, 1, 1, NULL, 1, NULL, 'Scatola', 'Sala'), ('SAL031', 'default-store-001', 'The Fucking Beer - Pils (FUSTO)', 'Atoms', 'Birra', 'u', '1.000', '0.00', '0.00', NULL, 1, '2026-02-10 00:22:11', '2026-02-23 05:41:12', 'ETq2RFSsN9Ldeto89_0rQ', 1, 1, 1, NULL, 1, NULL, 'Scatola', 'Sala'), ('SAL032', 'default-store-001', 'The Fucking Beer - IPA (FUSTO)', 'Atoms', 'Birra', 'u', '1.000', '0.00', '0.00', NULL, 1, '2026-02-10 00:22:11', '2026-02-23 05:41:12', 'ETq2RFSsN9Ldeto89_0rQ', 1, 1, 1, NULL, 1, NULL, 'Scatola', 'Sala'), ('SAL033', 'default-store-001', 'BIB Pepsi Zero', 'Allegro', 'Bevande', 'u', '1.000', '0.00', '0.00', NULL, 1, '2026-02-10 00:22:11', '2026-02-23 05:41:12', 'VUw1_XdsDq2lKddRzZOuz', 1, 1, 1, NULL, 1, NULL, 'Scatola', 'Sala'), ('SAL034', 'default-store-001', 'Caffè Normale', 'Dersut', 'Caffè', 'u', '1.000', '0.00', '0.00', NULL, 1, '2026-02-10 00:22:11', '2026-02-23 05:41:12', '3s4dy1SulYhSRz4NXJzau', 1, 1, 1, NULL, 1, NULL, 'Scatola', 'Sala'), ('SAL035', 'default-store-001', 'Caffè Deca', 'Dersut', 'Caffè', 'u', '1.000', '0.00', '0.00', NULL, 1, '2026-02-10 00:22:11', '2026-02-23 05:41:12', '3s4dy1SulYhSRz4NXJzau', 1, 1, 1, NULL, 1, NULL, 'Scatola', 'Sala'), ('SAL036', 'default-store-001', 'Caffè Gingseng', 'Dersut', 'Caffè', 'u', '1.000', '0.00', '0.00', NULL, 1, '2026-02-10 00:22:11', '2026-02-23 05:41:12', '3s4dy1SulYhSRz4NXJzau', 1, 1, 1, NULL, 1, NULL, 'Scatola', 'Sala'), ('SAL037', 'default-store-001', 'Caffè Orzo', 'Dersut', 'Caffè', 'u', '1.000', '0.00', '0.00', NULL, 1, '2026-02-10 00:22:11', '2026-02-23 05:41:12', '3s4dy1SulYhSRz4NXJzau', 1, 1, 1, NULL, 1, NULL, 'Scatola', 'Sala'), ('SAL038', 'default-store-001', 'BIB Lipton Limone', 'Allegro', 'Bevande', 'u', '1.000', '0.00', '0.00', NULL, 1, '2026-02-10 00:22:11', '2026-02-23 05:41:12', 'VUw1_XdsDq2lKddRzZOuz', 1, 1, 1, NULL, 1, NULL, 'Scatola', 'Sala'), ('SAL039', 'default-store-001', 'Atoms IPA (FUSTO)', 'Atoms', 'Birra', 'u', '1.000', '0.00', '0.00', NULL, 1, '2026-02-10 00:22:11', '2026-02-23 05:41:12', 'ETq2RFSsN9Ldeto89_0rQ', 1, 1, 1, NULL, 1, NULL, 'Scatola', 'Sala'), ('SAL040', 'default-store-001', 'The Fucking Beer - IPA (LATTINE)', 'Atoms', 'Birra', 'u', '1.000', '0.00', '0.00', NULL, 1, '2026-02-10 00:22:11', '2026-02-23 05:41:12', 'ETq2RFSsN9Ldeto89_0rQ', 1, 1, 1, NULL, 1, NULL, 'Scatola', 'Sala'), ('SAL041', 'default-store-001', 'Poli Camomilla', 'Allegro', 'Alcolici', 'u', '1.000', '0.00', '0.00', NULL, 1, '2026-02-10 00:22:40', '2026-02-23 05:41:12', 'VUw1_XdsDq2lKddRzZOuz', 1, 1, 1, NULL, 1, NULL, 'Scatola', 'Sala'), ('SAL042', 'default-store-001', 'Vodka Keglovich', 'Allegro', 'Alcolici', 'u', '1.000', '0.00', '0.00', NULL, 1, '2026-02-10 00:22:40', '2026-02-23 05:41:12', 'VUw1_XdsDq2lKddRzZOuz', 1, 1, 1, NULL, 1, NULL, 'Scatola', 'Sala'), ('SAL043', 'default-store-001', 'Vodka Belvedere', 'Allegro', 'Alcolici', 'u', '1.000', '0.00', '0.00', NULL, 1, '2026-02-10 00:22:40', '2026-02-23 05:41:12', 'VUw1_XdsDq2lKddRzZOuz', 1, 1, 1, NULL, 1, NULL, 'Scatola', 'Sala'), ('SAL044', 'default-store-001', 'Grappa Poli Bianca', 'Allegro', 'Alcolici', 'u', '1.000', '0.00', '0.00', NULL, 1, '2026-02-10 00:22:40', '2026-02-23 05:41:12', 'VUw1_XdsDq2lKddRzZOuz', 1, 1, 1, NULL, 1, NULL, 'Scatola', 'Sala'), ('SAL045', 'default-store-001', 'Vodka Smirnoff', 'Allegro', 'Alcolici', 'u', '1.000', '0.00', '0.00', NULL, 1, '2026-02-10 00:22:40', '2026-02-23 05:41:12', 'VUw1_XdsDq2lKddRzZOuz', 1, 1, 1, NULL, 1, NULL, 'Scatola', 'Sala'), ('SAL046', 'default-store-001', 'Bitter Luxardo', 'Luxardo', 'Alcolici', 'u', '1.000', '0.00', '0.00', NULL, 1, '2026-02-10 00:22:40', '2026-02-23 05:41:12', 'D_6zLic99bd5M_JpttKqa', 1, 1, 1, NULL, 1, NULL, 'Scatola', 'Sala'), ('SAL047', 'default-store-001', 'Grappa Luxardo', 'Allegro', 'Alcolici', 'u', '1.000', '0.00', '0.00', NULL, 1, '2026-02-10 00:22:40', '2026-02-23 05:41:12', 'VUw1_XdsDq2lKddRzZOuz', 1, 1, 1, NULL, 1, NULL, 'Scatola', 'Sala'), ('SAL048', 'default-store-001', 'Grappa Poli Barricata', 'Allegro', 'Alcolici', 'u', '1.000', '0.00', '0.00', NULL, 1, '2026-02-10 00:22:40', '2026-02-23 05:41:12', 'VUw1_XdsDq2lKddRzZOuz', 1, 1, 1, NULL, 1, NULL, 'Scatola', 'Sala'), ('SAL049', 'default-store-001', 'Rum Pampero Bianco', 'Allegro', 'Alcolici', 'u', '1.000', '0.00', '0.00', NULL, 1, '2026-02-10 00:22:40', '2026-02-23 05:41:12', 'VUw1_XdsDq2lKddRzZOuz', 1, 1, 1, NULL, 1, NULL, 'Scatola', 'Sala'), ('SAL050', 'default-store-001', 'Rum Pampero Scuro', 'Allegro', 'Alcolici', 'u', '1.000', '0.00', '0.00', NULL, 1, '2026-02-10 00:22:40', '2026-02-23 05:41:12', 'VUw1_XdsDq2lKddRzZOuz', 1, 1, 1, NULL, 1, NULL, 'Scatola', 'Sala'), ('SAL051', 'default-store-001', 'Rum Zacapa', 'Allegro', 'Alcolici', 'u', '1.000', '0.00', '0.00', NULL, 1, '2026-02-10 00:22:40', '2026-02-23 05:41:12', 'VUw1_XdsDq2lKddRzZOuz', 1, 1, 1, NULL, 1, NULL, 'Scatola', 'Sala'), ('SAL052', 'default-store-001', 'Gin Professore', 'Allegro', 'Alcolici', 'u', '1.000', '0.00', '0.00', NULL, 1, '2026-02-10 00:22:40', '2026-02-23 05:41:12', 'VUw1_XdsDq2lKddRzZOuz', 1, 1, 1, NULL, 1, NULL, 'Scatola', 'Sala'), ('SAL053', 'default-store-001', 'Gin London Dry Luxardo', 'Luxardo', 'Alcolici', 'u', '1.000', '0.00', '0.00', NULL, 1, '2026-02-10 00:22:40', '2026-02-23 05:41:12', 'D_6zLic99bd5M_JpttKqa', 1, 1, 1, NULL, 1, NULL, 'Scatola', 'Sala'), ('SAL054', 'default-store-001', 'Gin Tanqueray', 'Allegro', 'Alcolici', 'u', '1.000', '0.00', '0.00', NULL, 1, '2026-02-10 00:22:40', '2026-02-23 05:41:12', 'VUw1_XdsDq2lKddRzZOuz', 1, 1, 1, NULL, 1, NULL, 'Scatola', 'Sala'), ('SAL055', 'default-store-001', 'Gin Mare', 'Allegro', 'Alcolici', 'u', '1.000', '0.00', '0.00', NULL, 1, '2026-02-10 00:22:40', '2026-02-23 05:41:12', 'VUw1_XdsDq2lKddRzZOuz', 1, 1, 1, NULL, 1, NULL, 'Scatola', 'Sala'), ('SAL056', 'default-store-001', 'Select', 'Allegro', 'Alcolici', 'u', '1.000', '0.00', '0.00', NULL, 1, '2026-02-10 00:22:40', '2026-02-23 05:41:12', 'VUw1_XdsDq2lKddRzZOuz', 1, 1, 1, NULL, 1, NULL, 'Scatola', 'Sala'), ('SAL057', 'default-store-001', 'Poli Prugna', 'Allegro', 'Alcolici', 'u', '1.000', '0.00', '0.00', NULL, 1, '2026-02-10 00:22:40', '2026-02-23 05:41:12', 'VUw1_XdsDq2lKddRzZOuz', 1, 1, 1, NULL, 1, NULL, 'Scatola', 'Sala'), ('SAL058', 'default-store-001', 'Limoncello Luxardo', 'Luxardo', 'Alcolici', 'u', '1.000', '0.00', '0.00', NULL, 1, '2026-02-10 00:22:40', '2026-02-23 05:41:12', 'D_6zLic99bd5M_JpttKqa', 1, 1, 1, NULL, 1, NULL, 'Scatola', 'Sala'), ('SAL059', 'default-store-001', 'Cynar', 'Allegro', 'Alcolici', 'u', '1.000', '0.00', '0.00', NULL, 1, '2026-02-10 00:22:40', '2026-02-23 05:41:12', 'VUw1_XdsDq2lKddRzZOuz', 1, 1, 1, NULL, 1, NULL, 'Scatola', 'Sala'), ('SAL060', 'default-store-001', 'Rum Havana Club Especial', 'Allegro', 'Alcolici', 'u', '1.000', '0.00', '0.00', NULL, 1, '2026-02-10 00:22:40', '2026-02-23 05:41:12', 'VUw1_XdsDq2lKddRzZOuz', 1, 1, 1, NULL, 1, NULL, 'Scatola', 'Sala'), ('SAL061', 'default-store-001', 'Vermuth Luxardo', 'Luxardo', 'Alcolici', 'u', '1.000', '0.00', '0.00', NULL, 1, '2026-02-10 00:23:04', '2026-02-23 05:41:12', 'D_6zLic99bd5M_JpttKqa', 1, 1, 1, NULL, 1, NULL, 'Scatola', 'Sala'), ('SAL062', 'default-store-001', 'Gin Hendrix', 'Allegro', 'Alcolici', 'u', '1.000', '0.00', '0.00', NULL, 1, '2026-02-10 00:23:04', '2026-02-23 05:41:12', 'VUw1_XdsDq2lKddRzZOuz', 1, 1, 1, NULL, 1, NULL, 'Scatola', 'Sala'), ('SAL063', 'default-store-001', 'Disaronno', 'Allegro', 'Alcolici', 'u', '1.000', '0.00', '0.00', NULL, 1, '2026-02-10 00:23:04', '2026-02-23 05:41:12', 'VUw1_XdsDq2lKddRzZOuz', 1, 1, 1, NULL, 1, NULL, 'Scatola', 'Sala'), ('SAL064', 'default-store-001', 'Vecchia Romagna', 'Allegro', 'Alcolici', 'u', '1.000', '0.00', '0.00', NULL, 1, '2026-02-10 00:23:04', '2026-02-23 05:41:12', 'VUw1_XdsDq2lKddRzZOuz', 1, 1, 1, NULL, 1, NULL, 'Scatola', 'Sala'), ('SAL065', 'default-store-001', 'Amaro Branca Menta', 'Allegro', 'Alcolici', 'u', '1.000', '0.00', '0.00', NULL, 1, '2026-02-10 00:23:04', '2026-02-23 05:41:12', 'VUw1_XdsDq2lKddRzZOuz', 1, 1, 1, NULL, 1, NULL, 'Scatola', 'Sala'), ('SAL066', 'default-store-001', 'Amaro Fernet Branca', 'Allegro', 'Alcolici', 'u', '1.000', '0.00', '0.00', NULL, 1, '2026-02-10 00:23:04', '2026-02-23 05:41:12', 'VUw1_XdsDq2lKddRzZOuz', 1, 1, 1, NULL, 1, NULL, 'Scatola', 'Sala'), ('SAL067', 'default-store-001', 'Amaro Averna', 'Allegro', 'Alcolici', 'u', '1.000', '0.00', '0.00', NULL, 1, '2026-02-10 00:23:04', '2026-02-23 05:41:12', 'VUw1_XdsDq2lKddRzZOuz', 1, 1, 1, NULL, 1, NULL, 'Scatola', 'Sala'), ('SAL068', 'default-store-001', 'Meloncello', 'Metro', 'Altro', 'u', '1.000', '0.00', '0.00', NULL, 1, '2026-02-10 00:23:04', '2026-02-23 05:41:12', '8hdTw5v-D3Fkj1d2Q8hQv', 1, 1, 1, NULL, 1, NULL, 'Scatola', 'Sala'), ('SAL069', 'default-store-001', 'Amaro Braulio', 'Allegro', 'Alcolici', 'u', '1.000', '0.00', '0.00', NULL, 1, '2026-02-10 00:23:04', '2026-02-23 05:41:12', 'VUw1_XdsDq2lKddRzZOuz', 1, 1, 1, NULL, 1, NULL, 'Scatola', 'Sala'), ('SAL070', 'default-store-001', 'Bailys', 'Allegro', 'Alcolici', 'u', '1.000', '0.00', '0.00', NULL, 1, '2026-02-10 00:23:04', '2026-02-23 05:41:12', 'VUw1_XdsDq2lKddRzZOuz', 1, 1, 1, NULL, 1, NULL, 'Scatola', 'Sala'), ('SAL071', 'default-store-001', 'Khalua', 'Allegro', 'Alcolici', 'u', '1.000', '0.00', '0.00', NULL, 1, '2026-02-10 00:23:04', '2026-02-23 05:41:12', 'VUw1_XdsDq2lKddRzZOuz', 1, 1, 1, NULL, 1, NULL, 'Scatola', 'Sala'), ('SAL072', 'default-store-001', 'Amaro liquirizia (anima nera)', 'Allegro', 'Alcolici', 'u', '1.000', '0.00', '0.00', NULL, 1, '2026-02-10 00:23:04', '2026-02-23 05:41:12', 'VUw1_XdsDq2lKddRzZOuz', 1, 1, 1, NULL, 1, NULL, 'Scatola', 'Sala'), ('SAL073', 'default-store-001', 'Sambuca', 'Allegro', 'Alcolici', 'u', '1.000', '0.00', '0.00', NULL, 1, '2026-02-10 00:23:04', '2026-02-23 05:41:12', 'VUw1_XdsDq2lKddRzZOuz', 1, 1, 1, NULL, 1, NULL, 'Scatola', 'Sala'), ('SAL074', 'default-store-001', 'Amaro Jefferson', 'Allegro', 'Alcolici', 'u', '1.000', '0.00', '0.00', NULL, 1, '2026-02-10 00:23:04', '2026-02-23 05:41:12', 'VUw1_XdsDq2lKddRzZOuz', 1, 1, 1, NULL, 1, NULL, 'Scatola', 'Sala'), ('SAL075', 'default-store-001', 'Amaro del capo', 'Allegro', 'Alcolici', 'u', '1.000', '0.00', '0.00', NULL, 1, '2026-02-10 00:23:04', '2026-02-23 05:41:12', 'VUw1_XdsDq2lKddRzZOuz', 1, 1, 1, NULL, 1, NULL, 'Scatola', 'Sala'), ('SAL076', 'default-store-001', 'Gin Monkey', 'Allegro', 'Alcolici', 'u', '1.000', '0.00', '0.00', NULL, 1, '2026-02-10 00:23:04', '2026-02-23 05:41:12', 'VUw1_XdsDq2lKddRzZOuz', 1, 1, 1, NULL, 1, NULL, 'Scatola', 'Sala');

--> statement-breakpoint
REPLACE INTO `ingredients` (`id`, `storeId`, `name`, `supplier`, `category`, `unitType`, `packageQuantity`, `packagePrice`, `pricePerKgOrUnit`, `notes`, `isActive`, `createdAt`, `updatedAt`, `supplierId`, `is_food`, `isOrderable`, `isSellable`, `allergens`, `isSalaItem`, `subcategory`, `packageType`, `department`) VALUES ('SAL077', 'default-store-001', 'Amaro Montenegro', 'Allegro', 'Alcolici', 'u', '1.000', '0.00', '0.00', NULL, 1, '2026-02-10 00:23:04', '2026-02-23 05:41:12', 'VUw1_XdsDq2lKddRzZOuz', 1, 1, 1, NULL, 1, NULL, 'Scatola', 'Sala'), ('SAL078', 'default-store-001', 'Vermuth Martini Speciale', 'Allegro', 'Alcolici', 'u', '1.000', '0.00', '0.00', NULL, 1, '2026-02-10 00:23:04', '2026-02-23 05:41:12', 'VUw1_XdsDq2lKddRzZOuz', 1, 1, 1, NULL, 1, NULL, 'Scatola', 'Sala'), ('SAL079', 'default-store-001', 'Vermuth Punt e Mes', 'Allegro', 'Alcolici', 'u', '1.000', '0.00', '0.00', NULL, 1, '2026-02-10 00:23:04', '2026-02-23 05:41:12', 'VUw1_XdsDq2lKddRzZOuz', 1, 1, 1, NULL, 1, NULL, 'Scatola', 'Sala'), ('SAL080', 'default-store-001', 'Vermuth Professore', 'Allegro', 'Alcolici', 'u', '1.000', '0.00', '0.00', NULL, 1, '2026-02-10 00:23:04', '2026-02-23 05:41:12', 'VUw1_XdsDq2lKddRzZOuz', 1, 1, 1, NULL, 1, NULL, 'Scatola', 'Sala'), ('SAL081', 'default-store-001', 'Vino Rosso Valpolicella', 'Allegro', 'Alcolici', 'u', '1.000', '0.00', '0.00', NULL, 1, '2026-02-10 00:23:28', '2026-02-23 05:41:12', 'VUw1_XdsDq2lKddRzZOuz', 1, 1, 1, NULL, 1, NULL, 'Scatola', 'Sala'), ('SAL082', 'default-store-001', 'Vino Rosso Pinot Nero', 'Allegro', 'Alcolici', 'u', '1.000', '0.00', '0.00', NULL, 1, '2026-02-10 00:23:28', '2026-02-23 05:41:12', 'VUw1_XdsDq2lKddRzZOuz', 1, 1, 1, NULL, 1, NULL, 'Scatola', 'Sala'), ('SAL083', 'default-store-001', 'Vino Rosso Sangiovese', 'Allegro', 'Alcolici', 'u', '1.000', '0.00', '0.00', NULL, 1, '2026-02-10 00:23:28', '2026-02-23 05:41:12', 'VUw1_XdsDq2lKddRzZOuz', 1, 1, 1, NULL, 1, NULL, 'Scatola', 'Sala'), ('SAL084', 'default-store-001', 'Vino Bianco Valpolicella', 'Allegro', 'Alcolici', 'u', '1.000', '0.00', '0.00', NULL, 1, '2026-02-10 00:23:28', '2026-02-23 05:41:12', 'VUw1_XdsDq2lKddRzZOuz', 1, 1, 1, NULL, 1, NULL, 'Scatola', 'Sala'), ('SAL086', 'default-store-001', 'Tequila', 'Allegro', 'Alcolici', 'u', '1.000', '0.00', '0.00', NULL, 1, '2026-02-10 00:23:28', '2026-02-23 05:41:12', 'VUw1_XdsDq2lKddRzZOuz', 1, 1, 1, NULL, 1, NULL, 'Scatola', 'Sala'), ('SAL087', 'default-store-001', 'Tripple Sec Luxardo', 'Luxardo', 'Alcolici', 'u', '1.000', '0.00', '0.00', NULL, 1, '2026-02-10 00:23:28', '2026-02-23 05:41:12', 'D_6zLic99bd5M_JpttKqa', 1, 1, 1, NULL, 1, NULL, 'Scatola', 'Sala'), ('SAL088', 'default-store-001', 'Whiskey Oban', 'Allegro', 'Alcolici', 'u', '1.000', '0.00', '0.00', NULL, 1, '2026-02-10 00:23:28', '2026-02-23 05:41:13', 'VUw1_XdsDq2lKddRzZOuz', 1, 1, 1, NULL, 1, NULL, 'Scatola', 'Sala'), ('SAL089', 'default-store-001', 'Midori', 'Allegro', 'Alcolici', 'u', '1.000', '0.00', '0.00', NULL, 1, '2026-02-10 00:23:28', '2026-02-23 05:41:13', 'VUw1_XdsDq2lKddRzZOuz', 1, 1, 1, NULL, 1, NULL, 'Scatola', 'Sala'), ('SAL090', 'default-store-001', 'Leblon', 'Allegro', 'Alcolici', 'u', '1.000', '0.00', '0.00', NULL, 1, '2026-02-10 00:23:28', '2026-02-23 05:41:13', 'VUw1_XdsDq2lKddRzZOuz', 1, 1, 1, NULL, 1, NULL, 'Scatola', 'Sala'), ('SAL091', 'default-store-001', 'Ginger Beer', 'Allegro', 'Bevande', 'u', '1.000', '0.00', '0.00', NULL, 1, '2026-02-10 00:23:28', '2026-02-23 05:41:13', 'VUw1_XdsDq2lKddRzZOuz', 1, 1, 1, NULL, 1, NULL, 'Scatola', 'Sala'), ('SAL092', 'default-store-001', 'Ginger Ale', 'Allegro', 'Bevande', 'u', '1.000', '0.00', '0.00', NULL, 1, '2026-02-10 00:23:28', '2026-02-23 05:41:13', 'VUw1_XdsDq2lKddRzZOuz', 1, 1, 1, NULL, 1, NULL, 'Scatola', 'Sala'), ('SAL093', 'default-store-001', 'Tonica', 'Allegro', 'Bevande', 'u', '1.000', '0.00', '0.00', NULL, 1, '2026-02-10 00:23:28', '2026-02-23 05:41:13', 'VUw1_XdsDq2lKddRzZOuz', 1, 1, 1, NULL, 1, NULL, 'Scatola', 'Sala'), ('SAL094', 'default-store-001', 'Tonica premium', 'Allegro', 'Bevande', 'u', '1.000', '0.00', '0.00', NULL, 1, '2026-02-10 00:23:28', '2026-02-23 05:41:13', 'VUw1_XdsDq2lKddRzZOuz', 1, 1, 1, NULL, 1, NULL, 'Scatola', 'Sala'), ('SAL095', 'default-store-001', 'Sciroppo di zucchero', 'Allegro', 'Bevande', 'u', '1.000', '0.00', '0.00', NULL, 1, '2026-02-10 00:23:28', '2026-02-23 05:41:13', 'VUw1_XdsDq2lKddRzZOuz', 1, 1, 1, NULL, 1, NULL, 'Scatola', 'Sala'), ('SAL096', 'default-store-001', 'Sciroppo di granatina', 'Allegro', 'Bevande', 'u', '1.000', '0.00', '0.00', NULL, 1, '2026-02-10 00:23:28', '2026-02-23 05:41:13', 'VUw1_XdsDq2lKddRzZOuz', 1, 1, 1, NULL, 1, NULL, 'Scatola', 'Sala'), ('SAL097', 'default-store-001', 'Whiskey Jack Daniels', 'Allegro', 'Alcolici', 'u', '1.000', '0.00', '0.00', NULL, 1, '2026-02-10 00:23:28', '2026-02-23 05:41:13', 'VUw1_XdsDq2lKddRzZOuz', 1, 1, 1, NULL, 1, NULL, 'Scatola', 'Sala'), ('SAL098', 'default-store-001', 'Angostura', 'Allegro', 'Alcolici', 'u', '1.000', '0.00', '0.00', NULL, 1, '2026-02-10 00:23:28', '2026-02-23 05:41:13', 'VUw1_XdsDq2lKddRzZOuz', 1, 1, 1, NULL, 1, NULL, 'Scatola', 'Sala'), ('SAL099', 'default-store-001', 'Vino Prosecco', 'Allegro', 'Alcolici', 'u', '1.000', '0.00', '0.00', NULL, 1, '2026-02-10 00:23:28', '2026-02-23 05:41:13', 'VUw1_XdsDq2lKddRzZOuz', 1, 1, 1, NULL, 1, NULL, 'Scatola', 'Sala'), ('SAL100', 'default-store-001', 'Whiskey Nikka', 'Allegro', 'Alcolici', 'u', '1.000', '0.00', '0.00', NULL, 1, '2026-02-10 00:23:28', '2026-02-23 05:41:13', 'VUw1_XdsDq2lKddRzZOuz', 1, 1, 1, NULL, 1, NULL, 'Scatola', 'Sala'), ('SAL101', 'default-store-001', 'Whiskey Talisker', 'Allegro', 'Alcolici', 'u', '1.000', '0.00', '0.00', NULL, 1, '2026-02-10 00:23:28', '2026-02-23 05:41:13', 'VUw1_XdsDq2lKddRzZOuz', 1, 1, 1, NULL, 1, NULL, 'Scatola', 'Sala'), ('SAL102', 'default-store-001', 'Frutta essicata', 'Soplaya', 'Bevande', 'u', '1.000', '0.00', '0.00', NULL, 1, '2026-02-10 00:23:49', '2026-02-23 05:41:13', 'fxaNwDEihUfdMkm_BsS0H', 1, 1, 1, NULL, 1, NULL, 'Scatola', 'Sala'), ('SAL103', 'default-store-001', 'Zucchero Bustine Bianco', 'Soplaya', 'Bevande', 'u', '2000.000', '16.39', '0.01', NULL, 1, '2026-02-10 00:23:49', '2026-02-23 06:23:05', 'fxaNwDEihUfdMkm_BsS0H', 1, 1, 1, NULL, 1, NULL, 'Scatola', 'Sala'), ('SAL104', 'default-store-001', 'Zucchero Bustine Canna', 'Soplaya', 'Bevande', 'u', '2000.000', '18.99', '0.01', NULL, 1, '2026-02-10 00:23:49', '2026-02-23 06:22:33', 'fxaNwDEihUfdMkm_BsS0H', 1, 1, 1, NULL, 1, NULL, 'Scatola', 'Sala'), ('SAL105', 'default-store-001', 'Zucchero Bustine Dietor', 'Soplaya', 'Bevande', 'u', '500.000', '8.15', '0.02', NULL, 1, '2026-02-10 00:23:49', '2026-02-23 06:21:16', 'fxaNwDEihUfdMkm_BsS0H', 1, 1, 1, NULL, 1, NULL, 'Scatola', 'Sala'), ('SAL106', 'default-store-001', 'Cacao', 'Soplaya', 'Altro', 'k', '1.000', '18.86', '18.86', NULL, 1, '2026-02-10 00:23:49', '2026-02-23 06:24:25', 'fxaNwDEihUfdMkm_BsS0H', 1, 1, 1, NULL, 1, NULL, 'Scatola', 'Cucina'), ('SAL107', 'default-store-001', 'Zucchero a velo ', 'Soplaya', 'Bevande', 'k', '5.000', '7.45', '1.49', NULL, 1, '2026-02-10 00:23:49', '2026-02-23 06:23:50', 'fxaNwDEihUfdMkm_BsS0H', 1, 1, 1, NULL, 1, NULL, 'Scatola', 'Sala'), ('SAL108', 'default-store-001', 'Sciroppo di orzo', 'Allegro', 'Bevande', 'u', '1.000', '0.00', '0.00', NULL, 1, '2026-02-10 00:23:49', '2026-02-23 05:41:13', 'VUw1_XdsDq2lKddRzZOuz', 1, 1, 1, NULL, 1, NULL, 'Scatola', 'Sala'), ('SAL109', 'default-store-001', 'Cannucce corte', 'Pool Pack', 'Non Food', 'u', '1.000', '0.00', '0.00', NULL, 1, '2026-02-10 00:23:49', '2026-02-23 05:41:13', 'zwRZU19QmUO4K8O_cVOAm', 1, 1, 1, NULL, 1, NULL, 'Scatola', 'Sala'), ('SAL110', 'default-store-001', 'Cannucce lunghe', 'Pool Pack', 'Non Food', 'u', '1.000', '0.00', '0.00', NULL, 1, '2026-02-10 00:23:49', '2026-02-23 05:41:13', 'zwRZU19QmUO4K8O_cVOAm', 1, 1, 1, NULL, 1, NULL, 'Scatola', 'Sala'), ('SAL111', 'default-store-001', 'Panna Montata', 'Soplaya', 'Bevande', 'u', '1.000', '0.00', '0.00', NULL, 1, '2026-02-10 00:23:49', '2026-02-23 05:41:13', 'fxaNwDEihUfdMkm_BsS0H', 1, 1, 1, NULL, 1, NULL, 'Scatola', 'Sala'), ('SAL112', 'default-store-001', 'Fiori decorazione', 'Soplaya', 'Bevande', 'u', '1.000', '0.00', '0.00', NULL, 1, '2026-02-10 00:23:49', '2026-02-23 05:41:13', 'fxaNwDEihUfdMkm_BsS0H', 0, 1, 1, NULL, 1, NULL, 'Scatola', 'Sala'), ('SAL113', 'default-store-001', 'Albume in polvere', 'Allegro', 'Altro', 'u', '1.000', '0.00', '0.00', NULL, 1, '2026-02-10 00:23:49', '2026-02-23 05:41:13', 'VUw1_XdsDq2lKddRzZOuz', 1, 1, 1, NULL, 1, NULL, 'Scatola', 'Cucina'), ('SAL114', 'default-store-001', 'Ginepro', 'Soplaya', 'Spezie', 'u', '1.000', '0.00', '0.00', NULL, 1, '2026-02-10 00:23:49', '2026-02-23 05:41:13', 'fxaNwDEihUfdMkm_BsS0H', 1, 1, 1, NULL, 1, NULL, 'Scatola', 'Sala'), ('SAL115', 'default-store-001', 'Tabasco', 'Soplaya', 'Bevande', 'u', '1.000', '0.00', '0.00', NULL, 1, '2026-02-10 00:23:49', '2026-02-23 05:41:13', 'fxaNwDEihUfdMkm_BsS0H', 1, 1, 1, NULL, 1, NULL, 'Scatola', 'Sala'), ('Sd64YIHTYXbUpEzWNHqQd', 'default-store-001', 'Sapone lavapiatti', 'Pool Pack', 'Altro', 'k', '5.000', '8.57', '1.71', NULL, 1, '2026-02-03 15:47:02', '2026-02-05 00:40:11', 'zwRZU19QmUO4K8O_cVOAm', 1, 1, 1, NULL, 0, NULL, NULL, 'Cucina'), ('SuOqA2HcqAe5RQOjHOenq', 'default-store-001', 'Sale', 'Soplaya', 'Altro', 'k', '12.000', '3.55', '0.30', NULL, 1, '2026-02-03 15:47:02', '2026-02-05 00:40:11', 'fxaNwDEihUfdMkm_BsS0H', 1, 1, 1, NULL, 0, NULL, NULL, 'Cucina');
--> statement-breakpoint
REPLACE INTO `ingredients` (`id`, `storeId`, `name`, `supplier`, `category`, `unitType`, `packageQuantity`, `packagePrice`, `pricePerKgOrUnit`, `notes`, `isActive`, `createdAt`, `updatedAt`, `supplierId`, `is_food`, `isOrderable`, `isSellable`, `allergens`, `isSalaItem`, `subcategory`, `packageType`, `department`) VALUES ('ThNA0RfYeaS3QE9A-iJtg', 'default-store-001', 'Sacchi 90x120', 'Pool Pack', 'Altro', 'u', '0.400', '0.00', '0.00', NULL, 1, '2026-02-03 15:47:02', '2026-02-05 01:12:51', 'zwRZU19QmUO4K8O_cVOAm', 1, 1, 1, NULL, 0, NULL, NULL, 'Cucina'), ('TwcG3QYcCPw9srPP1uMUM', 'default-store-001', 'Pasta di zucca', 'Soplaya', 'Altro', 'k', '1.000', '4.39', '4.39', NULL, 1, '2026-02-03 15:47:02', '2026-02-05 00:40:11', 'fxaNwDEihUfdMkm_BsS0H', 1, 1, 1, NULL, 0, NULL, NULL, 'Cucina'), ('UA4lzo44Z6VH2rDb7Z9O0', 'default-store-001', 'Scottex (2 rotoli)', 'Pool Pack', 'Altro', 'u', '2.000', '12.29', '6.15', NULL, 1, '2026-02-03 15:47:02', '2026-02-24 06:25:43', 'zwRZU19QmUO4K8O_cVOAm', 1, 1, 1, NULL, 0, NULL, NULL, 'Cucina'), ('Ui034rKABg7d7q6RNt7V-', 'default-store-001', 'Pepe', 'Soplaya', 'Spezie', 'k', '1.000', '17.32', '17.32', NULL, 1, '2026-02-03 15:47:03', '2026-02-05 00:40:11', 'fxaNwDEihUfdMkm_BsS0H', 1, 1, 0, NULL, 0, NULL, NULL, 'Cucina'), ('UjhsGMDNvCnl2fPcY2kuz', 'default-store-001', 'Latte UHT', 'Soplaya', 'Altro', 'k', '1.000', '1.07', '1.07', NULL, 1, '2026-02-03 15:47:02', '2026-02-05 00:40:11', 'fxaNwDEihUfdMkm_BsS0H', 1, 1, 1, NULL, 0, NULL, NULL, 'Cucina'), ('UoffmGxBJVPpT_m_ywt5L', 'default-store-001', 'Alluminio', 'Pool Pack', 'Altro', 'u', '0.125', '6.94', '55.52', 'al metro', 1, '2026-02-03 15:47:02', '2026-02-05 01:12:51', 'zwRZU19QmUO4K8O_cVOAm', 1, 1, 1, NULL, 0, NULL, NULL, 'Cucina'), ('VCngIqZQgNShQ_FOmtp57', 'default-store-001', 'Pepe bianco', 'Tutte le spezie del mondo', 'Spezie', 'k', '1.000', '20.00', '20.00', NULL, 1, '2026-02-03 15:47:03', '2026-02-05 00:40:11', 'y5jTshE14pJYFGHROzggf', 1, 1, 0, NULL, 0, NULL, NULL, 'Cucina'), ('VFgASYBb_x7Kzs4BEJjBv', 'default-store-001', 'Asafetida', 'Tutte le spezie del mondo', 'Spezie', 'k', '0.010', '5.78', '578.00', NULL, 1, '2026-02-03 15:47:03', '2026-02-05 01:12:50', 'y5jTshE14pJYFGHROzggf', 1, 1, 0, NULL, 0, NULL, NULL, 'Cucina'), ('VFlPCePcnLbx2_5tKIaQj', 'default-store-001', 'Lievito otentic', 'LM alimentare', 'Additivi', 'k', '1.000', '8.82', '8.82', NULL, 1, '2026-02-03 15:47:02', '2026-02-05 00:40:11', 'BDuKexgaaoPr8x9UyYt2z', 1, 1, 1, NULL, 0, NULL, NULL, 'Cucina'), ('Vkgsrbf5Lge520sm3xUml', 'default-store-001', 'Galangal', 'Tutte le spezie del mondo', 'Spezie', 'k', '1.000', '31.40', '31.40', NULL, 1, '2026-02-03 15:47:03', '2026-02-05 00:40:11', 'y5jTshE14pJYFGHROzggf', 1, 1, 0, NULL, 0, NULL, NULL, 'Cucina'), (`id`, `storeId`, `name`, `supplier`, `category`, `unitType`, `packageQuantity`, `packagePrice`, `pricePerKgOrUnit`, `notes`, `isActive`, `createdAt`, `updatedAt`, `supplierId`, `is_food`, `isOrderable`, `isSellable`, `allergens`, `isSalaItem`, `subcategory`, `packageType`, `department`), ('VphgGa_ws7aBsRRMHEKfc', 'default-store-001', 'Fava tonka', 'Tutte le spezie del mondo', 'Spezie', 'k', '0.015', '4.45', '296.67', NULL, 1, '2026-02-03 15:47:03', '2026-02-05 01:12:50', 'y5jTshE14pJYFGHROzggf', 1, 1, 0, NULL, 0, NULL, NULL, 'Cucina'), ('WLPIceY1gvMNqtIEEKVNp', 'default-store-001', 'Aglio in polvere', 'Tutte le spezie del mondo', 'Spezie', 'k', '1.000', '6.50', '6.50', NULL, 1, '2026-02-03 15:47:03', '2026-02-05 00:40:11', 'y5jTshE14pJYFGHROzggf', 1, 1, 0, NULL, 0, NULL, NULL, 'Cucina'), ('WPbHUOTz6Ibuul1lle_dQ', 'default-store-001', 'Softgrain', 'LM alimentare', 'Additivi', 'k', '5.000', '36.35', '7.27', NULL, 1, '2026-02-03 15:47:02', '2026-02-05 00:40:11', 'BDuKexgaaoPr8x9UyYt2z', 1, 1, 1, NULL, 0, NULL, NULL, 'Cucina'), ('Wi4ho2lNvr-VNqoH2lHM4', 'default-store-001', 'UMA.MI Minced Vegana', 'Fine Food', 'Altro', 'k', '15.000', '185.98', '12.40', NULL, 1, '2026-02-03 15:47:02', '2026-02-05 00:40:11', 'tVwtRZod2ZFU7l7xAB3OE', 1, 1, 1, NULL, 0, NULL, NULL, 'Cucina'), ('YPNJg60X5s2ivIxMlFOUV', 'default-store-001', 'Diaframma (250-300g)', 'Corte dei Sapori', 'Carni', 'u', '0.300', '3.00', '10.00', NULL, 1, '2026-02-03 15:47:02', '2026-02-23 06:29:23', 'd6iz5GJudmwQb37CIhTCp', 1, 1, 1, NULL, 0, NULL, 'Busta', 'Cucina'), ('YtHDGxaFisdNuIyPtNY0G', 'default-store-001', 'Mono e digliceridi', 'Amazon', 'Additivi', 'k', '1.000', '22.50', '22.50', NULL, 1, '2026-02-03 15:47:02', '2026-02-05 00:40:11', 'KaD8b-dRPdNwsAvuMQLKb', 1, 1, 1, NULL, 0, NULL, NULL, 'Cucina'), ('ZSifdwxNkKMvesdBKRJ0x', 'default-store-001', 'Panno microfibra', 'Pool Pack', 'Altro', 'u', '1.000', '0.70', '0.70', NULL, 1, '2026-02-03 15:47:02', '2026-02-04 00:46:56', 'zwRZU19QmUO4K8O_cVOAm', 1, 1, 1, NULL, 0, NULL, NULL, 'Cucina'), ('ZTCgnkXFwwX4tYrNy1rHZ', 'default-store-001', 'Farina PAN', 'Soplaya', 'Farine', 'k', '1.000', '2.20', '2.20', NULL, 1, '2026-02-03 15:47:02', '2026-02-05 00:40:11', 'fxaNwDEihUfdMkm_BsS0H', 1, 1, 1, NULL, 0, NULL, NULL, 'Cucina'), ('Z_sAy-d41QplLS2vlOj5N', 'default-store-001', 'Pomodori secchi', 'Soplaya', 'Altro', 'k', '1.700', '8.48', '4.99', NULL, 1, '2026-02-03 15:47:03', '2026-02-05 00:40:11', 'fxaNwDEihUfdMkm_BsS0H', 1, 1, 1, NULL, 0, NULL, NULL, 'Cucina'), ('Zdyi--P6mIEOY8sfdIKz9', 'default-store-001', 'Melanzane', 'Soplaya', 'Altro', 'k', '1.000', '2.15', '2.15', NULL, 1, '2026-02-03 15:47:03', '2026-02-05 00:40:11', 'fxaNwDEihUfdMkm_BsS0H', 1, 1, 1, NULL, 0, NULL, NULL, 'Cucina'), ('_N0XwumKfEMajufvqRxtD', 'default-store-001', 'Pellicola', 'Pool Pack', 'Altro', 'u', '0.300', '5.26', '17.53', NULL, 1, '2026-02-03 15:47:02', '2026-02-05 01:12:51', 'zwRZU19QmUO4K8O_cVOAm', 1, 1, 1, NULL, 0, NULL, NULL, 'Cucina'), ('_YZbAK63fBENCgZTtJgrF', 'default-store-001', 'Panna UHT', 'Soplaya', 'Altro', 'k', '1.000', '6.95', '6.95', NULL, 1, '2026-02-03 15:47:02', '2026-02-05 00:40:11', 'fxaNwDEihUfdMkm_BsS0H', 1, 1, 1, NULL, 0, NULL, NULL, 'Cucina'), ('_tSyC5bKEKeC47iti_ZYZ', 'default-store-001', 'Curcuma', 'Tutte le spezie del mondo', 'Spezie', 'k', '1.000', '19.80', '19.80', NULL, 1, '2026-02-03 15:47:03', '2026-02-05 00:40:11', 'y5jTshE14pJYFGHROzggf', 1, 1, 0, NULL, 0, NULL, NULL, 'Cucina'), ('b14375w27r7f7Uj6ZdM5p', 'default-store-001', 'Zucchero a velo', 'Soplaya', 'Altro', 'k', '1.000', '0.00', '0.00', NULL, 0, '2026-02-03 15:47:02', '2026-02-23 06:24:42', 'fxaNwDEihUfdMkm_BsS0H', 1, 1, 1, NULL, 0, NULL, NULL, 'Cucina'), ('bCcFD4vdWMkMsFSpWRePY', 'default-store-001', 'Spiedini 20cm', 'Pool Pack', 'Altro', 'u', '1.000', '17.37', '17.37', NULL, 1, '2026-02-03 15:47:02', '2026-02-05 01:12:51', 'zwRZU19QmUO4K8O_cVOAm', 1, 1, 1, NULL, 0, NULL, NULL, 'Cucina'), ('bGTGQ6Kb4_Zcg8-_cyUCo', 'default-store-001', 'Doppio concentrato di pomodoro', 'Soplaya', 'Altro', 'k', '0.850', '3.19', '3.75', NULL, 1, '2026-02-03 15:47:02', '2026-02-23 06:25:52', 'fxaNwDEihUfdMkm_BsS0H', 1, 1, 1, NULL, 0, NULL, 'Lattina', 'Cucina'), ('bjcVTbl3-2R7oGCJ-y4De', 'default-store-001', 'Chile pasilla in polvere', 'Tutte le spezie del mondo', 'Spezie', 'k', '1.000', '22.00', '22.00', NULL, 1, '2026-02-03 15:47:03', '2026-02-05 00:40:11', 'y5jTshE14pJYFGHROzggf', 1, 1, 0, NULL, 0, NULL, NULL, 'Cucina'), ('dOKnzUKJT8BHVfbaErOOr', 'default-store-001', 'Salsa di Soja', 'Soplaya', 'Altro', 'k', '1.900', '9.41', '4.95', NULL, 1, '2026-02-03 15:47:02', '2026-02-05 00:40:11', 'fxaNwDEihUfdMkm_BsS0H', 1, 1, 1, NULL, 0, NULL, NULL, 'Cucina'), ('dRCZAloUhHeMDvjVEYNGo', 'default-store-001', 'Ali di pollo', 'Corte dei Sapori', 'Carni', 'k', '1.000', '2.61', '2.61', NULL, 1, '2026-02-03 15:47:02', '2026-02-05 00:40:11', 'd6iz5GJudmwQb37CIhTCp', 1, 1, 1, NULL, 0, NULL, NULL, 'Cucina'), ('dWuCRhgtnfXRqH-ThGFlZ', 'default-store-001', 'Fumo liquido', 'Amazon', 'Additivi', 'k', '1.000', '32.60', '32.60', NULL, 1, '2026-02-03 15:47:02', '2026-02-05 00:40:11', 'KaD8b-dRPdNwsAvuMQLKb', 1, 1, 1, NULL, 0, NULL, NULL, 'Cucina'), ('ePk99FLNB79vKcrNbyzZQ', 'default-store-001', 'Cipolla viola', 'Soplaya', 'Altro', 'k', '1.000', '1.53', '1.53', NULL, 1, '2026-02-03 15:47:03', '2026-02-05 00:40:11', 'fxaNwDEihUfdMkm_BsS0H', 1, 1, 1, NULL, 0, NULL, NULL, 'Cucina'), ('ebK2HbrPxEtUjJhgQ03Na', 'default-store-001', 'Patatine Really crunchy 6x6', 'Soplaya', 'Altro', 'k', '10.000', '21.31', '2.13', NULL, 1, '2026-02-03 15:47:02', '2026-02-23 06:26:25', 'fxaNwDEihUfdMkm_BsS0H', 1, 1, 1, NULL, 0, NULL, NULL, 'Cucina'), ('exMDS9n5Dzrt4G9GEmPi-', 'default-store-001', 'Aceto balsamico', 'Soplaya', 'Altro', 'k', '1.000', '2.10', '2.10', NULL, 1, '2026-02-03 15:47:02', '2026-02-05 00:40:11', 'fxaNwDEihUfdMkm_BsS0H', 1, 1, 1, NULL, 0, NULL, NULL, 'Cucina'), ('fuA2uyk7r2FFPMPSdrkH-', 'default-store-001', 'Coscia di pollo', 'Corte dei Sapori', 'Carni', 'k', '1.000', '8.20', '8.20', NULL, 1, '2026-02-03 15:47:02', '2026-02-05 00:40:11', 'd6iz5GJudmwQb37CIhTCp', 1, 1, 1, NULL, 0, NULL, NULL, 'Cucina'), ('h2NWpAJuK9wCiUFEsn6T8', 'default-store-001', 'Pomodoro', 'Soplaya', 'Altro', 'k', '1.000', '2.46', '2.46', NULL, 1, '2026-02-03 15:47:03', '2026-02-05 00:40:11', 'fxaNwDEihUfdMkm_BsS0H', 1, 1, 1, NULL, 0, NULL, NULL, 'Cucina'), ('h2qqTGe51D9WrnjiI-THw', 'default-store-001', 'Pasta di avocado', 'Soplaya', 'Altro', 'k', '1.000', '0.00', '0.00', NULL, 1, '2026-02-03 15:47:02', '2026-02-05 00:40:11', 'fxaNwDEihUfdMkm_BsS0H', 1, 1, 1, NULL, 0, NULL, NULL, 'Cucina'), ('hMDO8uliTt3-OrTmwW0KZ', 'default-store-001', 'Cheddar', 'Soplaya', 'Latticini', 'k', '1.107', '8.49', '7.67', NULL, 1, '2026-02-03 15:47:02', '2026-02-23 05:57:32', 'fxaNwDEihUfdMkm_BsS0H', 1, 1, 1, NULL, 0, NULL, 'Scatola', 'Cucina'), ('hOPfjsN1t2lfGHtV2Mdej', 'default-store-001', 'Insalata', 'Verduraio', 'Altro', 'k', '1.000', '1.50', '1.50', NULL, 1, '2026-02-03 15:47:03', '2026-02-05 00:40:11', 'sLJ1n9zmLvuU1b6-EunU9', 1, 1, 1, NULL, 0, NULL, NULL, 'Cucina'), ('hz-ONGGqXiCF1bkvQ0-TT', 'default-store-001', 'Funghi sbrise', 'Soplaya', 'Altro', 'k', '3.000', '16.83', '5.61', NULL, 1, '2026-02-03 15:47:02', '2026-02-23 05:56:37', 'fxaNwDEihUfdMkm_BsS0H', 1, 1, 1, NULL, 0, NULL, 'Cartone', 'Cucina');
--> statement-breakpoint
REPLACE INTO `ingredients` (`id`, `storeId`, `name`, `supplier`, `category`, `unitType`, `packageQuantity`, `packagePrice`, `pricePerKgOrUnit`, `notes`, `isActive`, `createdAt`, `updatedAt`, `supplierId`, `is_food`, `isOrderable`, `isSellable`, `allergens`, `isSalaItem`, `subcategory`, `packageType`, `department`) VALUES ('i95fksMR04XeWJetDo5Cb', 'default-store-001', 'Carne grill', 'Corte dei Sapori', 'Carni', 'k', '1.000', '7.33', '7.33', NULL, 1, '2026-02-03 15:47:02', '2026-02-05 00:40:11', 'd6iz5GJudmwQb37CIhTCp', 1, 1, 1, NULL, 0, NULL, NULL, 'Cucina'), ('iP6aV9rEyPNXq6Tf-mAvU', 'default-store-001', 'Bacon', 'Corte dei Sapori', 'Carni', 'k', '1.000', '10.72', '10.72', NULL, 1, '2026-02-03 15:47:02', '2026-02-05 00:40:11', 'd6iz5GJudmwQb37CIhTCp', 1, 1, 1, NULL, 0, NULL, NULL, 'Cucina'), ('j5UN_xLKyWtqU2NXPo0V8', 'default-store-001', 'Rotoli Scontrini 80mm', 'Pool Pack', 'Altro', 'u', '30.000', '31.82', '1.06', NULL, 1, '2026-02-03 15:47:02', '2026-02-24 06:27:51', 'zwRZU19QmUO4K8O_cVOAm', 1, 1, 1, NULL, 0, NULL, NULL, 'Sala'), ('jhGWWE5CzwToKR8eWh0AB', 'default-store-001', 'Bombolette gas', 'Pool Pack', 'Altro', 'u', '1.000', '0.00', '0.00', NULL, 1, '2026-02-03 15:47:02', '2026-02-04 00:46:56', 'zwRZU19QmUO4K8O_cVOAm', 1, 1, 1, NULL, 0, NULL, NULL, 'Cucina'), ('kQtVuTbKbawEBlYVbTNWf', 'default-store-001', 'Contenitori PLA (250ml)', 'Pool Pack', 'Altro', 'u', '0.600', '22.49', '37.48', NULL, 1, '2026-02-03 15:47:02', '2026-02-05 01:12:51', 'zwRZU19QmUO4K8O_cVOAm', 1, 1, 1, NULL, 0, NULL, NULL, 'Cucina'), ('lTXAQp_ho70IDTEbMfdvq', 'default-store-001', 'Stracciatella', 'Soplaya', 'Latticini', 'k', '1.000', '9.89', '9.89', NULL, 1, '2026-02-03 15:47:02', '2026-02-05 00:40:11', 'fxaNwDEihUfdMkm_BsS0H', 1, 1, 1, NULL, 0, NULL, NULL, 'Cucina'), ('lhgXMbnfNfD6Z5xmqt_Ii', 'default-store-001', 'Misto frutti di bosco', 'Soplaya', 'Altro', 'k', '1.000', '6.62', '6.62', NULL, 1, '2026-02-03 15:47:02', '2026-02-05 00:40:11', 'fxaNwDEihUfdMkm_BsS0H', 1, 1, 1, NULL, 0, NULL, NULL, 'Cucina'), ('lwDcR_oSN33wGysgRA7jH', 'default-store-001', 'Olio EVO SALA', 'Soplaya', 'Altro', 'k', '0.500', '11.32', '22.64', NULL, 1, '2026-02-03 15:47:02', '2026-02-23 05:46:00', 'fxaNwDEihUfdMkm_BsS0H', 1, 1, 1, NULL, 0, NULL, NULL, 'Sala'), ('n44-PRfikiyg3saGOZKi0', 'default-store-001', 'Scatole fritti', 'Pool Pack', 'Altro', 'u', '100.000', '26.50', '0.27', NULL, 1, '2026-02-03 15:47:02', '2026-02-23 06:06:39', 'zwRZU19QmUO4K8O_cVOAm', 1, 1, 1, NULL, 0, NULL, NULL, 'Cucina'), ('n7GuE3HWFskVoEiKBOEbC', 'default-store-001', 'Cetrioli', 'Soplaya', 'Altro', 'k', '1.000', '1.64', '1.64', NULL, 1, '2026-02-03 15:47:03', '2026-02-05 00:40:11', 'fxaNwDEihUfdMkm_BsS0H', 1, 1, 1, NULL, 0, NULL, NULL, 'Cucina'), ('n8XdjkMg44C0oWNV7dI0y', 'default-store-001', 'Rotoli Scontrini 57mm pos', 'Pool Pack', 'Altro', 'u', '100.000', '19.60', '0.20', NULL, 1, '2026-02-03 15:47:02', '2026-02-24 06:28:04', 'zwRZU19QmUO4K8O_cVOAm', 1, 1, 1, NULL, 0, NULL, NULL, 'Sala'), ('nfsoVnu7Rmj42reiis96v', 'default-store-001', 'Yogurt greco', 'Soplaya', 'Altro', 'k', '1.000', '4.36', '4.36', NULL, 1, '2026-02-03 15:47:02', '2026-02-23 05:44:05', 'fxaNwDEihUfdMkm_BsS0H', 1, 1, 1, NULL, 0, NULL, NULL, 'Cucina'), ('pN0SB3tv2ZqDFO_y8oDxH', 'default-store-001', 'Senape in polvere', 'Tutte le spezie del mondo', 'Spezie', 'k', '1.000', '16.70', '16.70', NULL, 1, '2026-02-03 15:47:03', '2026-02-05 00:40:11', 'y5jTshE14pJYFGHROzggf', 1, 1, 0, NULL, 0, NULL, NULL, 'Cucina'), ('pSfHxd7mm9S4hn8Yqluk6', 'default-store-001', 'Cavolo cappuccio', 'Verduraio', 'Altro', 'k', '1.000', '1.50', '1.50', NULL, 1, '2026-02-03 15:47:03', '2026-02-05 00:40:11', 'sLJ1n9zmLvuU1b6-EunU9', 1, 1, 1, NULL, 0, NULL, NULL, 'Cucina'), ('pvO4mMIKWrPK2ihyo5srP', 'default-store-001', 'Tenders', 'Corte dei Sapori', 'Carni', 'k', '1.000', '7.12', '7.12', NULL, 1, '2026-02-03 15:47:02', '2026-02-05 00:40:11', 'd6iz5GJudmwQb37CIhTCp', 1, 1, 1, NULL, 0, NULL, NULL, 'Cucina'), ('q-pxz3GqnTQx9_JRZ0YqR', 'default-store-001', 'Sapore carmen', 'LM alimentare', 'Additivi', 'k', '1.000', '7.42', '7.42', NULL, 1, '2026-02-03 15:47:02', '2026-02-05 00:40:11', 'BDuKexgaaoPr8x9UyYt2z', 1, 1, 1, NULL, 0, NULL, NULL, 'Cucina'), ('qCJKKOMFAccJKmZc3ZGea', 'default-store-001', 'Fiocchi di patata', 'LM alimentare', 'Farine', 'k', '4.000', '14.89', '3.72', NULL, 1, '2026-02-03 15:47:02', '2026-02-05 00:40:11', 'BDuKexgaaoPr8x9UyYt2z', 1, 1, 1, NULL, 0, NULL, NULL, 'Cucina'), ('qP0GBvr-Tfvx8ccmvYQkL', 'default-store-001', 'Sacchi 70x110', 'Pool Pack', 'Altro', 'u', '0.400', '34.03', '85.08', NULL, 1, '2026-02-03 15:47:02', '2026-02-05 01:12:51', 'zwRZU19QmUO4K8O_cVOAm', 1, 1, 1, NULL, 0, NULL, NULL, 'Cucina'), ('qYaGozpMjcWjSnRYKWzYU', 'default-store-001', 'Asiago', 'Soplaya', 'Latticini', 'k', '13.900', '99.99', '7.19', NULL, 1, '2026-02-03 15:47:02', '2026-02-23 05:45:25', 'fxaNwDEihUfdMkm_BsS0H', 1, 1, 1, NULL, 0, NULL, NULL, 'Cucina'), ('qZrIHjZIFgT4JlSTy7okZ', 'default-store-001', 'Burro professionale', 'LM alimentare', 'Altro', 'k', '10.000', '100.60', '10.06', NULL, 1, '2026-02-03 15:47:02', '2026-02-05 00:40:11', 'BDuKexgaaoPr8x9UyYt2z', 1, 1, 1, NULL, 0, NULL, NULL, 'Cucina'), ('rJmQdW8weRTOdfIEgdRhl', 'default-store-001', 'Nigella', 'Tutte le spezie del mondo', 'Spezie', 'k', '1.000', '20.37', '20.37', NULL, 1, '2026-02-03 15:47:03', '2026-02-05 00:40:11', 'y5jTshE14pJYFGHROzggf', 1, 1, 0, NULL, 0, NULL, NULL, 'Cucina'), (`id`, `storeId`, `name`, `supplier`, `category`, `unitType`, `packageQuantity`, `packagePrice`, `pricePerKgOrUnit`, `notes`, `isActive`, `createdAt`, `updatedAt`, `supplierId`, `is_food`, `isOrderable`, `isSellable`, `allergens`, `isSalaItem`, `subcategory`, `packageType`, `department`), ('sQxufIMJaYCMt4q7VEEB8', 'default-store-001', 'Carta forno 60x40', 'Pool Pack', 'Altro', 'u', '1.000', '24.50', '24.50', NULL, 1, '2026-02-03 15:47:02', '2026-02-05 01:12:51', 'zwRZU19QmUO4K8O_cVOAm', 1, 1, 1, NULL, 0, NULL, NULL, 'Cucina'), ('sX0KY6rxgs8rzey8pFX--', 'default-store-001', 'Senape', 'Soplaya', 'Altro', 'k', '0.875', '2.63', '3.01', NULL, 1, '2026-02-03 15:47:03', '2026-02-05 00:40:11', 'fxaNwDEihUfdMkm_BsS0H', 1, 1, 1, NULL, 0, NULL, NULL, 'Cucina'), ('tPurvUTMfl5h2n1A5c4Vq', 'default-store-001', 'Farina per fritti', 'LM alimentare', 'Farine', 'k', '25.000', '31.50', '1.26', NULL, 1, '2026-02-03 15:47:02', '2026-02-23 05:49:23', 'BDuKexgaaoPr8x9UyYt2z', 1, 1, 1, NULL, 0, NULL, 'Busta', 'Cucina'), ('tQkxMkUPfYr-oGET1VQzb', 'default-store-001', 'Gorgonzola', 'Soplaya', 'Latticini', 'k', '1.000', '9.29', '9.29', NULL, 1, '2026-02-03 15:47:02', '2026-02-23 05:43:46', 'fxaNwDEihUfdMkm_BsS0H', 1, 1, 1, NULL, 0, NULL, 'Cartone', 'Cucina'), ('tbaXDQSlVK97HGTi0edZk', 'default-store-001', 'Lime', 'Soplaya', 'Altro', 'k', '1.000', '3.39', '3.39', NULL, 1, '2026-02-03 15:47:03', '2026-02-05 00:40:11', 'fxaNwDEihUfdMkm_BsS0H', 1, 1, 1, NULL, 0, NULL, NULL, 'Cucina'), ('u9koIMrudTKp8A5DmBiK-', 'default-store-001', 'Semi di senape nera', 'Tutte le spezie del mondo', 'Spezie', 'k', '1.000', '17.45', '17.45', NULL, 1, '2026-02-03 15:47:03', '2026-02-05 00:40:11', 'y5jTshE14pJYFGHROzggf', 1, 1, 0, NULL, 0, NULL, NULL, 'Cucina'), ('unmALFc8NM7VbjWur70ZJ', 'default-store-001', 'Fiocchi di sale', 'Soplaya', 'Altro', 'k', '1.000', '10.02', '10.02', NULL, 1, '2026-02-03 15:47:02', '2026-02-05 01:12:50', 'fxaNwDEihUfdMkm_BsS0H', 1, 1, 1, NULL, 0, NULL, NULL, 'Cucina'), ('w6Goo2jSCBOLl1FUq2KL3', 'default-store-001', 'Acqua', 'Non specificato', 'Altro', 'k', '1.000', '0.00', '0.00', NULL, 1, '2026-02-03 15:47:03', '2026-02-05 00:40:11', 'aDfAlvf_PYTGHOfasp1VL', 1, 1, 1, NULL, 0, NULL, NULL, 'Cucina'), ('w8HarzwdK7Ct7L1abLMfe', 'default-store-001', 'Nduja', 'Soplaya', 'Altro', 'k', '0.400', '10.79', '26.97', NULL, 1, '2026-02-03 15:47:03', '2026-02-05 00:54:33', 'fxaNwDEihUfdMkm_BsS0H', 1, 1, 1, NULL, 0, NULL, NULL, 'Cucina'), ('x-R26Iae2aD87bvtlwbgp', 'default-store-001', 'Rucola', 'Soplaya', 'Altro', 'k', '0.100', '1.08', '10.80', NULL, 1, '2026-02-03 15:47:03', '2026-02-05 01:12:50', 'fxaNwDEihUfdMkm_BsS0H', 1, 1, 1, NULL, 0, NULL, NULL, 'Cucina'), ('x5do5mlhu9S2doS12_u25', 'default-store-001', 'Semi di fieno greco', 'Tutte le spezie del mondo', 'Spezie', 'k', '1.000', '15.65', '15.65', NULL, 1, '2026-02-03 15:47:03', '2026-02-05 00:40:11', 'y5jTshE14pJYFGHROzggf', 1, 1, 0, NULL, 0, NULL, NULL, 'Cucina'), ('xCDgzSspWgCcfTiItj_5I', 'default-store-001', 'Coriandolo in polvere', 'Tutte le spezie del mondo', 'Spezie', 'k', '1.000', '17.70', '17.70', NULL, 1, '2026-02-03 15:47:03', '2026-02-05 00:40:11', 'y5jTshE14pJYFGHROzggf', 1, 1, 0, NULL, 0, NULL, NULL, 'Cucina'), ('xJXXTNVm1F2Un2wKZejIx', 'default-store-001', 'Spalla di Maiale (senza osso)', 'Corte dei Sapori', 'Carni', 'k', '1.000', '4.99', '4.99', NULL, 1, '2026-02-03 15:47:02', '2026-02-05 00:40:11', 'd6iz5GJudmwQb37CIhTCp', 1, 1, 1, NULL, 0, NULL, NULL, 'Cucina'), ('xNJn8vX9r-GIo04Ian1yd', 'default-store-001', 'Farina', 'LM alimentare', 'Farine', 'k', '25.000', '29.25', '1.17', NULL, 1, '2026-02-03 15:47:02', '2026-02-23 05:27:46', 'BDuKexgaaoPr8x9UyYt2z', 1, 1, 1, NULL, 0, NULL, 'Busta', 'Cucina'), ('yInS7zo3edJJSRDdebEEz', 'default-store-001', 'Cavolo viola', 'Soplaya', 'Altro', 'k', '1.000', '1.33', '1.33', NULL, 1, '2026-02-03 15:47:03', '2026-02-05 00:40:11', 'fxaNwDEihUfdMkm_BsS0H', 1, 1, 1, NULL, 0, NULL, NULL, 'Cucina'), ('yt4r1cA9XSnRDbjHABrlc', 'default-store-001', 'Olio di semi', 'Soplaya', 'Altro', 'k', '5.000', '1.58', '0.32', NULL, 1, '2026-02-03 15:47:02', '2026-02-23 05:42:54', 'fxaNwDEihUfdMkm_BsS0H', 1, 1, 1, NULL, 0, NULL, 'Bottiglia', 'Cucina'), ('zNAmgvAbaKYs3KbvbDT08', 'default-store-001', 'Easy Snack CL', 'LM alimentare', 'Farine', 'k', '15.000', '89.42', '5.96', NULL, 1, '2026-02-03 15:47:02', '2026-02-05 00:40:11', 'BDuKexgaaoPr8x9UyYt2z', 1, 1, 1, NULL, 0, NULL, NULL, 'Cucina'), ('zgFIe9bPgtqlIB9r23Md9', 'default-store-001', 'Margarina', 'LM alimentare', 'Altro', 'k', '10.000', '47.80', '4.78', NULL, 1, '2026-02-03 15:47:02', '2026-02-23 22:20:05', 'BDuKexgaaoPr8x9UyYt2z', 1, 1, 1, NULL, 0, NULL, NULL, 'Cucina');
--> statement-breakpoint
REPLACE INTO `ingredients` (`id`, `storeId`, `name`, `supplier`, `category`, `unitType`, `packageQuantity`, `packagePrice`, `pricePerKgOrUnit`, `notes`, `isActive`, `createdAt`, `updatedAt`, `supplierId`, `is_food`, `isOrderable`, `isSellable`, `allergens`, `isSalaItem`, `subcategory`, `packageType`, `department`) VALUES ('zmwS2iUhcf0ClJ-o68QSr', 'default-store-001', 'Tovagliette', 'Pool Pack', 'Altro', 'u', '1.000', '0.00', '0.00', NULL, 1, '2026-02-03 15:47:02', '2026-02-24 06:28:13', 'zwRZU19QmUO4K8O_cVOAm', 1, 1, 1, NULL, 0, NULL, NULL, 'Sala');
--> statement-breakpoint
REPLACE INTO `final_recipes` (`id`, `storeId`, `code`, `name`, `category`, `components`, `yieldPercentage`, `totalCost`, `createdAt`, `updatedAt`, `unitType`, `isActive`, `isSellable`, `conservationMethod`, `maxConservationTime`) VALUES ('1092244b-345b-47a2-8712-1dbc968aec08', 'default-store-001', 'CARNE_ALETTE', 'Alette', 'Carne', '[{\"type\":\"ingredient\",\"componentId\":\"dRCZAloUhHeMDvjVEYNGo\",\"componentName\":\"Ali di pollo\",\"quantity\":11,\"unit\":\"kg\",\"pricePerUnit\":2.61,\"costType\":\"\"},{\"type\":\"semi_finished\",\"componentId\":\"c7fdf52f-705d-4ca9-b1c8-4f474e2e30ae\",\"componentName\":\"Salsa alette\",\"quantity\":3,\"unit\":\"kg\",\"pricePerUnit\":0,\"costType\":\"\"}]', '100.000', '28.71', '2026-02-05 04:52:59', '2026-02-09 15:23:06', 'k', 1, 1, '', ''), ('1ZXiXNLTLpF861aOZM_RS', 'default-store-001', 'CARNE_TENDERS', 'Carne Tenders', 'Carne', '[{\"type\":\"ingredient\",\"componentId\":\"pvO4mMIKWrPK2ihyo5srP\",\"componentName\":\"Tenders\",\"quantity\":10,\"unit\":\"kg\",\"pricePerUnit\":7.12,\"costType\":\"\"},{\"type\":\"ingredient\",\"componentId\":\"UjhsGMDNvCnl2fPcY2kuz\",\"componentName\":\"Latte UHT\",\"quantity\":1.5,\"unit\":\"kg\",\"pricePerUnit\":1.07,\"costType\":\"\"},{\"type\":\"ingredient\",\"componentId\":\"nfsoVnu7Rmj42reiis96v\",\"componentName\":\"Yogurt greco\",\"quantity\":1.5,\"unit\":\"kg\",\"pricePerUnit\":4.36,\"costType\":\"\"},{\"type\":\"ingredient\",\"componentId\":\"xNJn8vX9r-GIo04Ian1yd\",\"componentName\":\"Farina\",\"quantity\":4,\"unit\":\"kg\",\"pricePerUnit\":1.17,\"costType\":\"\"},{\"type\":\"ingredient\",\"componentId\":\"0TKQbZT91FRZfSZH1_LBp\",\"componentName\":\"Amido di mais\",\"quantity\":2,\"unit\":\"kg\",\"pricePerUnit\":2.02,\"costType\":\"\"},{\"type\":\"ingredient\",\"componentId\":\"AJHyMU9JKkZc01X7VHVFb\",\"componentName\":\"Uova\",\"quantity\":6,\"unit\":\"unità\",\"pricePerUnit\":0.24,\"costType\":\"\"},{\"type\":\"operation\",\"componentId\":\"\",\"componentName\":\"Cuoco\",\"quantity\":2.5,\"unit\":\"unità\",\"pricePerUnit\":12,\"costType\":\"LAVORO\"},{\"type\":\"operation\",\"componentId\":\"\",\"componentName\":\"Abbattitore\",\"quantity\":2,\"unit\":\"unità\",\"pricePerUnit\":1.04,\"costType\":\"ENERGIA\"}]', '98.000', '121.59', '2026-02-03 18:05:27', '2026-02-09 15:23:06', 'u', 1, 1, '', ''), ('38ihZNiKuki0_MZXFNRL6', 'default-store-001', 'PANE_BUN', 'Pane Bun', 'Pane', '[{\"type\":\"ingredient\",\"componentId\":\"xNJn8vX9r-GIo04Ian1yd\",\"componentName\":\"Farina\",\"quantity\":3,\"unit\":\"kg\",\"pricePerUnit\":1.17,\"costType\":\"\"},{\"type\":\"ingredient\",\"componentId\":\"zNAmgvAbaKYs3KbvbDT08\",\"componentName\":\"Easy Snack CL\",\"quantity\":2.64,\"unit\":\"kg\",\"pricePerUnit\":5.96,\"costType\":\"\"},{\"type\":\"ingredient\",\"componentId\":\"qCJKKOMFAccJKmZc3ZGea\",\"componentName\":\"Fiocchi di patata\",\"quantity\":0.18,\"unit\":\"kg\",\"pricePerUnit\":3.72,\"costType\":\"\"},{\"type\":\"ingredient\",\"componentId\":\"VFlPCePcnLbx2_5tKIaQj\",\"componentName\":\"Lievito otentic\",\"quantity\":0.3,\"unit\":\"kg\",\"pricePerUnit\":8.82,\"costType\":\"\"},{\"type\":\"ingredient\",\"componentId\":\"SuOqA2HcqAe5RQOjHOenq\",\"componentName\":\"Sale\",\"quantity\":0.096,\"unit\":\"kg\",\"pricePerUnit\":0.3,\"costType\":\"\"},{\"type\":\"ingredient\",\"componentId\":\"YtHDGxaFisdNuIyPtNY0G\",\"componentName\":\"Mono e digliceridi\",\"quantity\":0.024,\"unit\":\"kg\",\"pricePerUnit\":22.5,\"costType\":\"\"},{\"type\":\"ingredient\",\"componentId\":\"q-pxz3GqnTQx9_JRZ0YqR\",\"componentName\":\"Sapore carmen\",\"quantity\":0.156,\"unit\":\"kg\",\"pricePerUnit\":7.42,\"costType\":\"\"},{\"type\":\"ingredient\",\"componentId\":\"FuGZtr1Ivq9UEVdfxUF63\",\"componentName\":\"Latte di soja\",\"quantity\":1.5,\"unit\":\"kg\",\"pricePerUnit\":0,\"costType\":\"\"},{\"type\":\"ingredient\",\"componentId\":\"w6Goo2jSCBOLl1FUq2KL3\",\"componentName\":\"Acqua\",\"quantity\":1.5,\"unit\":\"kg\",\"pricePerUnit\":0,\"costType\":\"\"},{\"type\":\"ingredient\",\"componentId\":\"zgFIe9bPgtqlIB9r23Md9\",\"componentName\":\"Margarina\",\"quantity\":0.78,\"unit\":\"kg\",\"pricePerUnit\":4.78,\"costType\":\"\"},{\"type\":\"operation\",\"componentId\":\"\",\"componentName\":\"Cuoco\",\"quantity\":1,\"unit\":\"unità\",\"pricePerUnit\":12,\"costType\":\"LAVORO\"},{\"type\":\"operation\",\"componentId\":\"\",\"componentName\":\"Forno\",\"quantity\":0.66,\"unit\":\"unità\",\"pricePerUnit\":2.78,\"costType\":\"ENERGIA\"},{\"type\":\"operation\",\"componentId\":\"\",\"componentName\":\"Lievitatore\",\"quantity\":20,\"unit\":\"unità\",\"pricePerUnit\":0.17,\"costType\":\"ENERGIA\"},{\"type\":\"operation\",\"componentId\":\"\",\"componentName\":\"Arrotondatrice\",\"quantity\":0.5,\"unit\":\"unità\",\"pricePerUnit\":0.5,\"costType\":\"ENERGIA\"},{\"type\":\"operation\",\"componentId\":\"\",\"componentName\":\"Impastatrice\",\"quantity\":0.33,\"unit\":\"unità\",\"pricePerUnit\":0.89,\"costType\":\"ENERGIA\"}]', '97.000', '45.79', '2026-02-03 18:05:27', '2026-02-09 15:23:06', 'k', 1, 1, '', ''), ('3RY7r6ujhRES0KwmjHbb9', 'default-store-001', 'SALSA_MEMPHIS', 'Salsa Memphis', 'Salse', NULL, '98.000', '2.02', '2026-02-03 18:05:27', '2026-02-09 15:23:06', 'k', 1, 1, '', ''), ('525pJSkeE2IrGmhHqBC7T', 'default-store-001', 'SALSA_KETCHUP', 'Salsa Ketchup', 'Salse', '[{\"type\":\"ingredient\",\"componentId\":\"yt4r1cA9XSnRDbjHABrlc\",\"componentName\":\"Olio di semi\",\"quantity\":0.1,\"unit\":\"kg\",\"pricePerUnit\":1.58,\"costType\":\"\"},{\"type\":\"semi_finished\",\"componentId\":\"TsxY0QJCoB7sd9SrW-7QV\",\"componentName\":\"Cipolla caramellata\",\"quantity\":0.13,\"unit\":\"kg\",\"pricePerUnit\":0,\"costType\":\"\"},{\"type\":\"semi_finished\",\"componentId\":\"vXdO0biDUzRAJLnlvxykg\",\"componentName\":\"Aglio arrosto\",\"quantity\":0.02,\"unit\":\"kg\",\"pricePerUnit\":0,\"costType\":\"\"},{\"type\":\"ingredient\",\"componentId\":\"bGTGQ6Kb4_Zcg8-_cyUCo\",\"componentName\":\"Doppio concentrato\",\"quantity\":0.44,\"unit\":\"kg\",\"pricePerUnit\":3.12,\"costType\":\"\"},{\"type\":\"ingredient\",\"componentId\":\"BGtpWHKEblWCiK6F0szR5\",\"componentName\":\"Zucchero invertito\",\"quantity\":0.2,\"unit\":\"kg\",\"pricePerUnit\":2,\"costType\":\"\"},{\"type\":\"ingredient\",\"componentId\":\"O6XP13WcvRDujOJgmbNWR\",\"componentName\":\"Aceto di mele\",\"quantity\":0.15,\"unit\":\"kg\",\"pricePerUnit\":2.36,\"costType\":\"\"},{\"type\":\"ingredient\",\"componentId\":\"SuOqA2HcqAe5RQOjHOenq\",\"componentName\":\"Sale\",\"quantity\":0.0264,\"unit\":\"kg\",\"pricePerUnit\":0.3,\"costType\":\"\"},{\"type\":\"ingredient\",\"componentId\":\"sX0KY6rxgs8rzey8pFX--\",\"componentName\":\"Senape\",\"quantity\":0.0528,\"unit\":\"kg\",\"pricePerUnit\":3.01,\"costType\":\"\"},{\"type\":\"ingredient\",\"componentId\":\"PLbpgh1c6WaeycGdmaf5M\",\"componentName\":\"Paprica dolce\",\"quantity\":0.012,\"unit\":\"kg\",\"pricePerUnit\":26.9,\"costType\":\"\"},{\"type\":\"ingredient\",\"componentId\":\"w6Goo2jSCBOLl1FUq2KL3\",\"componentName\":\"Acqua\",\"quantity\":0.054,\"unit\":\"kg\",\"pricePerUnit\":0,\"costType\":\"\"},{\"type\":\"ingredient\",\"componentId\":\"9WQvqdGlWFZnk7yV8gQnt\",\"componentName\":\"Xantana\",\"quantity\":0.002,\"unit\":\"kg\",\"pricePerUnit\":27.79,\"costType\":\"\"},{\"type\":\"ingredient\",\"componentId\":\"E_lg2LmUumGJoBlx6ReY_\",\"componentName\":\"Amido pregelatinizzato\",\"quantity\":0.012,\"unit\":\"kg\",\"pricePerUnit\":6.5,\"costType\":\"\"}]', '1.000', '2.91', '2026-02-03 18:05:27', '2026-02-09 15:23:06', 'k', 1, 1, '', ''), ('5l4_UFjHw6YmYDN3zTK18', 'default-store-001', 'VERDURE_COLESLAW', 'Verdure Coleslaw', 'Verdure', '[{\"type\":\"ingredient\",\"componentId\":\"pSfHxd7mm9S4hn8Yqluk6\",\"quantity\":1,\"unit\":\"kg\"},{\"type\":\"ingredient\",\"componentId\":\"yInS7zo3edJJSRDdebEEz\",\"quantity\":1,\"unit\":\"kg\"},{\"type\":\"semi_finished\",\"componentId\":\"RGWcTRMmWqsa_sSvU4NBc\",\"quantity\":0.14,\"unit\":\"kg\"},{\"type\":\"operation\",\"componentName\":\"Cuoco\",\"quantity\":0.2,\"unit\":\"unità\"},{\"type\":\"operation\",\"componentName\":\"Tagliaverdure\",\"quantity\":0.1,\"unit\":\"unità\"}]', '90.000', '2.83', '2026-02-03 18:05:27', '2026-02-09 05:40:11', 'k', 1, 1, '', ''), ('62dfZ-fgLd_kbu1FN-Sjb', 'default-store-001', 'SALSA_TFS', 'Salsa Tfs', 'Salse', NULL, '80.000', '104.74', '2026-02-03 18:05:27', '2026-02-07 17:40:14', 'k', 1, 1, '', ''), ('B8hGaWB-Nm57H6nkoFbV2', 'default-store-001', 'SALSA_NUTTY', 'Salsa Nutty', 'Salse', NULL, '95.000', '4.87', '2026-02-03 18:05:27', '2026-02-04 20:04:34', 'k', 1, 1, '', ''), ('H2-hYqZ1bzhkXOrTGAYeX', 'default-store-001', 'SPEZIE_RIBS', 'Spezie Ribs', 'Altro', '[{\"type\":\"ingredient\",\"componentId\":\"SuOqA2HcqAe5RQOjHOenq\",\"componentName\":\"Sale\",\"quantity\":0.15,\"unit\":\"kg\",\"pricePerUnit\":0.3,\"costType\":\"\"},{\"type\":\"ingredient\",\"componentId\":\"WLPIceY1gvMNqtIEEKVNp\",\"componentName\":\"Aglio in polvere\",\"quantity\":0.08,\"unit\":\"kg\",\"pricePerUnit\":6.5,\"costType\":\"\"},{\"type\":\"ingredient\",\"componentId\":\"-eBrJDJmFHyvvmUV_T9gC\",\"componentName\":\"Paprica affumicata\",\"quantity\":0.13,\"unit\":\"kg\",\"pricePerUnit\":26.9,\"costType\":\"\"}]', '95.000', '4.06', '2026-02-03 15:47:03', '2026-02-05 04:06:33', 'k', 1, 1, '', ''), ('LBiK34dvKhwWRkACUJSGE', 'default-store-001', 'VERDURE_CIPCARA', 'Cipolla caramellata', 'Verdure', '[{\"type\":\"ingredient\",\"componentId\":\"ePk99FLNB79vKcrNbyzZQ\",\"componentName\":\"Cipolla viola\",\"quantity\":5,\"unit\":\"kg\",\"pricePerUnit\":1.53,\"costType\":\"\"},{\"type\":\"ingredient\",\"componentId\":\"yt4r1cA9XSnRDbjHABrlc\",\"componentName\":\"Olio di semi\",\"quantity\":0.4,\"unit\":\"kg\",\"pricePerUnit\":1.58,\"costType\":\"\"},{\"type\":\"ingredient\",\"componentId\":\"SuOqA2HcqAe5RQOjHOenq\",\"componentName\":\"Sale\",\"quantity\":0.02,\"unit\":\"kg\",\"pricePerUnit\":0.3,\"costType\":\"\"},{\"type\":\"ingredient\",\"componentId\":\"exMDS9n5Dzrt4G9GEmPi-\",\"componentName\":\"Aceto balsamico\",\"quantity\":0.5,\"unit\":\"kg\",\"pricePerUnit\":2.1,\"costType\":\"\"},{\"type\":\"ingredient\",\"componentId\":\"Q5LWW8sY1AKOoWsfV_-tu\",\"componentName\":\"Zucchero\",\"quantity\":0.5,\"unit\":\"kg\",\"pricePerUnit\":0.82,\"costType\":\"\"},{\"type\":\"operation\",\"componentId\":\"\",\"componentName\":\"Cuoco\",\"quantity\":0.1,\"unit\":\"unità\",\"pricePerUnit\":12,\"costType\":\"LAVORO\"},{\"type\":\"operation\",\"componentId\":\"\",\"componentName\":\"Tagliaverdure\",\"quantity\":0.1,\"unit\":\"unità\",\"pricePerUnit\":0.59,\"costType\":\"ENERGIA\"},{\"type\":\"operation\",\"componentId\":\"\",\"componentName\":\"Piastra\",\"quantity\":0.33,\"unit\":\"unità\",\"pricePerUnit\":1.41,\"costType\":\"ENERGIA\"}]', '20.000', '11.47', '2026-02-03 15:47:03', '2026-02-05 03:52:26', 'k', 1, 1, '', ''), ('MQ-CBNLCTlc1uBskpAIf7', 'default-store-001', 'SPEZIE_SOVRACOSCE', 'Spezie Sovracosce', 'Altro', '[{\"type\":\"ingredient\",\"componentId\":\"PLbpgh1c6WaeycGdmaf5M\",\"componentName\":\"Paprica dolce\",\"quantity\":0.02,\"unit\":\"kg\",\"pricePerUnit\":26.9,\"costType\":\"\"},{\"type\":\"ingredient\",\"componentId\":\"Ui034rKABg7d7q6RNt7V-\",\"componentName\":\"Pepe\",\"quantity\":0.025,\"unit\":\"kg\",\"pricePerUnit\":17.32,\"costType\":\"\"},{\"type\":\"ingredient\",\"componentId\":\"VCngIqZQgNShQ_FOmtp57\",\"componentName\":\"Pepe bianco\",\"quantity\":0.01,\"unit\":\"kg\",\"pricePerUnit\":20,\"costType\":\"\"},{\"type\":\"ingredient\",\"componentId\":\"SuOqA2HcqAe5RQOjHOenq\",\"componentName\":\"Sale\",\"quantity\":0.1,\"unit\":\"kg\",\"pricePerUnit\":0.3,\"costType\":\"\"},{\"type\":\"ingredient\",\"componentId\":\"E_lg2LmUumGJoBlx6ReY_\",\"componentName\":\"Amido pregelatinizzato\",\"quantity\":0.03,\"unit\":\"kg\",\"pricePerUnit\":6.5,\"costType\":\"\"},{\"type\":\"ingredient\",\"componentId\":\"9WQvqdGlWFZnk7yV8gQnt\",\"componentName\":\"Xantana\",\"quantity\":0.005,\"unit\":\"kg\",\"pricePerUnit\":27.79,\"costType\":\"\"},{\"type\":\"ingredient\",\"componentId\":\"tPurvUTMfl5h2n1A5c4Vq\",\"componentName\":\"Farina per fritti\",\"quantity\":0.04,\"unit\":\"kg\",\"pricePerUnit\":1.26,\"costType\":\"\"}]', '95.000', '1.59', '2026-02-03 15:47:03', '2026-02-05 04:06:19', 'k', 1, 1, '', ''), ('TshgG8k8_m630rqX5csDd', 'default-store-001', 'SPEZIE_TENDERS', 'Spezie Tenders', 'Altro', NULL, '95.000', '0.00', '2026-02-03 15:47:03', '2026-02-04 20:18:57', 'k', 1, 1, '', ''), ('Xs_hsWO4nZ7RktiPELq9O', 'default-store-001', 'PANE_SEMI_5_0', 'Pane Semi 5 0', 'Pane', '[{\"type\":\"ingredient\",\"componentId\":\"xNJn8vX9r-GIo04Ian1yd\",\"quantity\":6,\"unit\":\"kg\"},{\"type\":\"ingredient\",\"componentId\":\"w6Goo2jSCBOLl1FUq2KL3\",\"quantity\":3.5,\"unit\":\"kg\"},{\"type\":\"ingredient\",\"componentId\":\"WPbHUOTz6Ibuul1lle_dQ\",\"quantity\":1.2,\"unit\":\"kg\"},{\"type\":\"ingredient\",\"componentId\":\"J7-r5Q-5d6x_YGKwF0Fzm\",\"quantity\":0.256,\"unit\":\"kg\"},{\"type\":\"ingredient\",\"componentId\":\"SuOqA2HcqAe5RQOjHOenq\",\"quantity\":0.115,\"unit\":\"kg\"},{\"type\":\"ingredient\",\"componentId\":\"VFlPCePcnLbx2_5tKIaQj\",\"quantity\":0.256,\"unit\":\"kg\"},{\"type\":\"ingredient\",\"componentId\":\"L4bHpuBjzgEpADa0wLZ77\",\"quantity\":0.32,\"unit\":\"kg\"},{\"type\":\"ingredient\",\"componentId\":\"E_lg2LmUumGJoBlx6ReY_\",\"quantity\":0.44925,\"unit\":\"kg\"},{\"type\":\"ingredient\",\"componentId\":\"zgFIe9bPgtqlIB9r23Md9\",\"quantity\":0.576,\"unit\":\"kg\"},{\"type\":\"ingredient\",\"componentId\":\"Ccazcxew5p3zFSCTrV8mB\",\"quantity\":0.064,\"unit\":\"kg\"},{\"type\":\"ingredient\",\"componentId\":\"Q5LWW8sY1AKOoWsfV_-tu\",\"quantity\":0.384,\"unit\":\"kg\"},{\"type\":\"operation\",\"componentName\":\"Cuoco\",\"quantity\":0.66,\"unit\":\"unità\"},{\"type\":\"operation\",\"componentName\":\"Forno\",\"quantity\":0.33,\"unit\":\"unità\"},{\"type\":\"operation\",\"componentName\":\"Lievitatore\",\"quantity\":20,\"unit\":\"unità\"},{\"type\":\"operation\",\"componentName\":\"Arrotondatrice\",\"quantity\":0.5,\"unit\":\"unità\"},{\"type\":\"operation\",\"componentName\":\"Impastatrice\",\"quantity\":0.1,\"unit\":\"unità\"}]', '97.000', '29.97', '2026-02-03 18:05:27', '2026-02-04 16:21:51', 'k', 1, 1, '', ''), ('aHOLjO55bZxAnT_h_7HBY', 'default-store-001', 'VERDURE_AGLIO_ARROSTO', 'Aglio Arrosto', 'Verdure', '[{\"type\":\"ingredient\",\"componentId\":\"B23PC4FO2fVaOme1qxPls\",\"componentName\":\"Aglio pelato\",\"quantity\":20,\"unit\":\"kg\",\"pricePerUnit\":5.98,\"costType\":\"\"},{\"type\":\"ingredient\",\"componentId\":\"SuOqA2HcqAe5RQOjHOenq\",\"componentName\":\"Sale\",\"quantity\":0.4,\"unit\":\"kg\",\"pricePerUnit\":0.3,\"costType\":\"\"},{\"type\":\"ingredient\",\"componentId\":\"yt4r1cA9XSnRDbjHABrlc\",\"componentName\":\"Olio di semi\",\"quantity\":0.5,\"unit\":\"kg\",\"pricePerUnit\":1.58,\"costType\":\"\"},{\"type\":\"operation\",\"componentId\":\"\",\"componentName\":\"Cuoco\",\"quantity\":0.5,\"unit\":\"unità\",\"pricePerUnit\":12,\"costType\":\"LAVORO\"},{\"type\":\"operation\",\"componentId\":\"\",\"componentName\":\"Forno\",\"quantity\":3,\"unit\":\"unità\",\"pricePerUnit\":2.78,\"costType\":\"ENERGIA\"}]', '95.000', '134.85', '2026-02-03 15:47:03', '2026-02-05 03:51:45', 'k', 1, 1, '', ''), ('aNByhmsi_MdPTO1kqTiSM', 'default-store-001', 'SALSA_CHEDDAR', 'Salsa Cheddar', 'Salse', NULL, '98.000', '6.66', '2026-02-03 18:05:27', '2026-02-04 20:04:34', 'k', 1, 1, '', ''), ('c7fdf52f-705d-4ca9-b1c8-4f474e2e30ae', 'default-store-001', 'SL_SALSAALETTE', 'Salsa alette', 'Altro', '[{\"type\":\"ingredient\",\"componentId\":\"w6Goo2jSCBOLl1FUq2KL3\",\"componentName\":\"Acqua\",\"quantity\":1,\"unit\":\"kg\",\"pricePerUnit\":0,\"costType\":\"\"},{\"type\":\"ingredient\",\"componentId\":\"0TKQbZT91FRZfSZH1_LBp\",\"componentName\":\"Amido di mais\",\"quantity\":0.5,\"unit\":\"kg\",\"pricePerUnit\":2.02,\"costType\":\"\"},{\"type\":\"semi_finished\",\"componentId\":\"3RY7r6ujhRES0KwmjHbb9\",\"componentName\":\"Salsa Memphis\",\"quantity\":1,\"unit\":\"kg\",\"pricePerUnit\":0,\"costType\":\"\"}]', '100.000', '1.01', '2026-02-05 04:38:58', '2026-02-05 04:51:33', 'k', 1, 0, '', ''), ('c96oYBDAeV1M5Dr7ovDgx', 'default-store-001', 'SALSA_MAYO', 'Salsa Mayo', 'Salse', '[{\"type\":\"ingredient\",\"componentId\":\"GnSAhgAWS-_Qi5GubSpR1\",\"componentName\":\"Misto Uovo\",\"quantity\":4,\"unit\":\"kg\",\"pricePerUnit\":4.37,\"costType\":\"\"},{\"type\":\"ingredient\",\"componentId\":\"sX0KY6rxgs8rzey8pFX--\",\"componentName\":\"Senape\",\"quantity\":0.8,\"unit\":\"kg\",\"pricePerUnit\":3.01,\"costType\":\"\"},{\"type\":\"ingredient\",\"componentId\":\"yt4r1cA9XSnRDbjHABrlc\",\"componentName\":\"Olio di semi\",\"quantity\":9.8,\"unit\":\"kg\",\"pricePerUnit\":1.58,\"costType\":\"\"},{\"type\":\"ingredient\",\"componentId\":\"1k184DpX54qBVYORxm4UB\",\"componentName\":\"Limone\",\"quantity\":0.2,\"unit\":\"kg\",\"pricePerUnit\":2.05,\"costType\":\"\"},{\"type\":\"ingredient\",\"componentId\":\"9WQvqdGlWFZnk7yV8gQnt\",\"componentName\":\"Xantana\",\"quantity\":0.02,\"unit\":\"kg\",\"pricePerUnit\":27.79,\"costType\":\"\"},{\"type\":\"ingredient\",\"componentId\":\"SuOqA2HcqAe5RQOjHOenq\",\"componentName\":\"Sale\",\"quantity\":0.08,\"unit\":\"kg\",\"pricePerUnit\":0.3,\"costType\":\"\"}]', '98.000', '36.36', '2026-02-03 15:47:03', '2026-02-05 04:07:25', 'k', 1, 1, '', ''), ('cUo6ygvY3n3w2rCSMR6rU', 'default-store-001', 'SPEZIE_BACON', 'Spezie Bacon', 'Altro', '[{\"type\":\"ingredient\",\"componentId\":\"DqwWsjN7BTvHStGeEZFWH\",\"componentName\":\"Sale grosso\",\"quantity\":0.7,\"unit\":\"kg\",\"pricePerUnit\":0.31,\"costType\":\"\"},{\"type\":\"ingredient\",\"componentId\":\"x5do5mlhu9S2doS12_u25\",\"componentName\":\"Semi di fieno greco\",\"quantity\":0.06,\"unit\":\"kg\",\"pricePerUnit\":15.65,\"costType\":\"\"},{\"type\":\"ingredient\",\"componentId\":\"-eBrJDJmFHyvvmUV_T9gC\",\"componentName\":\"Paprica affumicata\",\"quantity\":0.08,\"unit\":\"kg\",\"pricePerUnit\":26.9,\"costType\":\"\"},{\"type\":\"ingredient\",\"componentId\":\"Vkgsrbf5Lge520sm3xUml\",\"componentName\":\"Galangal\",\"quantity\":0.08,\"unit\":\"kg\",\"pricePerUnit\":31.4,\"costType\":\"\"},{\"type\":\"ingredient\",\"componentId\":\"NlyFJyxttv5mMlErPDPRy\",\"componentName\":\"Cannella\",\"quantity\":0.02,\"unit\":\"kg\",\"pricePerUnit\":60.32,\"costType\":\"\"},{\"type\":\"ingredient\",\"componentId\":\"WLPIceY1gvMNqtIEEKVNp\",\"componentName\":\"Aglio in polvere\",\"quantity\":0.06,\"unit\":\"kg\",\"pricePerUnit\":6.5,\"costType\":\"\"}]', '95.000', '7.42', '2026-02-03 15:47:03', '2026-02-05 04:08:08', 'k', 1, 1, '', ''), ('gUpOSe8sAbPJLMIxlD8ot', 'default-store-001', 'CARNE_RIBS', 'Carne Ribs', 'Carne', '[{\"type\":\"ingredient\",\"componentId\":\"I_2s4hfY98dAEF9xBAI7l\",\"quantity\":32.07,\"unit\":\"kg\"},{\"type\":\"semi_finished\",\"componentId\":\"xPl2rIEYPj8TFwFjEi7Ej\",\"quantity\":0.7,\"unit\":\"kg\"},{\"type\":\"semi_finished\",\"componentId\":\"OIomHXSLd1C-AUy7Hq3a4\",\"quantity\":0.7,\"unit\":\"kg\"},{\"type\":\"operation\",\"componentName\":\"Cuoco\",\"quantity\":2,\"unit\":\"unità\"},{\"type\":\"operation\",\"componentName\":\"Forno\",\"quantity\":8,\"unit\":\"unità\"}]', '85.000', '160.03', '2026-02-03 18:05:27', '2026-02-04 18:00:19', 'k', 1, 1, '', ''), ('iCwusm4b59xZi6TwLLLp8', 'default-store-001', 'PANE_BRIOCHE_5_0', 'Pane Brioche 5 0', 'Pane', '[{\"type\":\"ingredient\",\"componentId\":\"xNJn8vX9r-GIo04Ian1yd\",\"componentName\":\"Farina\",\"quantity\":6.345,\"unit\":\"kg\",\"pricePerUnit\":1.17,\"costType\":\"\"},{\"type\":\"ingredient\",\"componentId\":\"w6Goo2jSCBOLl1FUq2KL3\",\"componentName\":\"Acqua\",\"quantity\":3.875,\"unit\":\"kg\",\"pricePerUnit\":0,\"costType\":\"\"},{\"type\":\"ingredient\",\"componentId\":\"q-pxz3GqnTQx9_JRZ0YqR\",\"componentName\":\"Sapore carmen\",\"quantity\":0.203,\"unit\":\"kg\",\"pricePerUnit\":7.42,\"costType\":\"\"},{\"type\":\"ingredient\",\"componentId\":\"J7-r5Q-5d6x_YGKwF0Fzm\",\"componentName\":\"CL soffice\",\"quantity\":0.338,\"unit\":\"kg\",\"pricePerUnit\":0.6,\"costType\":\"\"},{\"type\":\"ingredient\",\"componentId\":\"SuOqA2HcqAe5RQOjHOenq\",\"componentName\":\"Sale\",\"quantity\":0.135,\"unit\":\"kg\",\"pricePerUnit\":0.3,\"costType\":\"\"},{\"type\":\"ingredient\",\"componentId\":\"VFlPCePcnLbx2_5tKIaQj\",\"componentName\":\"Lievito otentic\",\"quantity\":0.27,\"unit\":\"kg\",\"pricePerUnit\":8.82,\"costType\":\"\"},{\"type\":\"ingredient\",\"componentId\":\"L4bHpuBjzgEpADa0wLZ77\",\"componentName\":\"Tuorlo in polvere\",\"quantity\":0.338,\"unit\":\"kg\",\"pricePerUnit\":17.25,\"costType\":\"\"},{\"type\":\"ingredient\",\"componentId\":\"E_lg2LmUumGJoBlx6ReY_\",\"componentName\":\"Amido pregelatinizzato\",\"quantity\":0.34,\"unit\":\"kg\",\"pricePerUnit\":6.5,\"costType\":\"\"},{\"type\":\"ingredient\",\"componentId\":\"zgFIe9bPgtqlIB9r23Md9\",\"componentName\":\"Margarina\",\"quantity\":0.675,\"unit\":\"kg\",\"pricePerUnit\":4.78,\"costType\":\"\"},{\"type\":\"ingredient\",\"componentId\":\"Ccazcxew5p3zFSCTrV8mB\",\"componentName\":\"Malto diastasico\",\"quantity\":0.068,\"unit\":\"kg\",\"pricePerUnit\":4.2,\"costType\":\"\"},{\"type\":\"ingredient\",\"componentId\":\"Q5LWW8sY1AKOoWsfV_-tu\",\"componentName\":\"Zucchero\",\"quantity\":0.473,\"unit\":\"kg\",\"pricePerUnit\":0.82,\"costType\":\"\"},{\"type\":\"operation\",\"componentId\":\"\",\"componentName\":\"Cuoco\",\"quantity\":1,\"unit\":\"unità\",\"pricePerUnit\":12,\"costType\":\"LAVORO\"},{\"type\":\"operation\",\"componentId\":\"\",\"componentName\":\"Forno\",\"quantity\":0.66,\"unit\":\"unità\",\"pricePerUnit\":2.78,\"costType\":\"ENERGIA\"},{\"type\":\"operation\",\"componentId\":\"\",\"componentName\":\"Lievitatore\",\"quantity\":20,\"unit\":\"unità\",\"pricePerUnit\":0.17,\"costType\":\"ENERGIA\"},{\"type\":\"operation\",\"componentId\":\"\",\"componentName\":\"Arrotondatrice\",\"quantity\":0.5,\"unit\":\"unità\",\"pricePerUnit\":0.5,\"costType\":\"ENERGIA\"},{\"type\":\"operation\",\"componentId\":\"\",\"componentName\":\"Impastatrice\",\"quantity\":0.1,\"unit\":\"unità\",\"pricePerUnit\":0.89,\"costType\":\"ENERGIA\"}]', '97.000', '41.07', '2026-02-03 18:05:27', '2026-02-07 17:45:39', 'k', 1, 1, '', ''), ('iVC6JFryhsFrQyJcz910s', 'default-store-001', 'BBQ_RIBS', 'BBQ Ribs', 'Altro', '[{\"type\":\"ingredient\",\"componentId\":\"BfM0cgLmN22IyidrAk5iq\",\"componentName\":\"Fondo bruno vegano\",\"quantity\":0.2,\"unit\":\"kg\",\"pricePerUnit\":20.53,\"costType\":\"\"},{\"type\":\"ingredient\",\"componentId\":\"OCLsME-xN-9RgKpkUvd3-\",\"componentName\":\"Pepe di sichuan\",\"quantity\":0.005,\"unit\":\"kg\",\"pricePerUnit\":57.7,\"costType\":\"\"},{\"type\":\"ingredient\",\"componentId\":\"BGtpWHKEblWCiK6F0szR5\",\"componentName\":\"Zucchero invertito\",\"quantity\":0.15,\"unit\":\"kg\",\"pricePerUnit\":2,\"costType\":\"\"},{\"type\":\"ingredient\",\"componentId\":\"w6Goo2jSCBOLl1FUq2KL3\",\"componentName\":\"Acqua\",\"quantity\":0.2,\"unit\":\"kg\",\"pricePerUnit\":0,\"costType\":\"\"},{\"type\":\"ingredient\",\"componentId\":\"1k184DpX54qBVYORxm4UB\",\"componentName\":\"Limone\",\"quantity\":0.08,\"unit\":\"kg\",\"pricePerUnit\":2.05,\"costType\":\"\"},{\"type\":\"ingredient\",\"componentId\":\"MOH6ORoElpEhkH-GALSos\",\"componentName\":\"Sumac\",\"quantity\":0.015,\"unit\":\"kg\",\"pricePerUnit\":28,\"costType\":\"\"},{\"type\":\"ingredient\",\"componentId\":\"sX0KY6rxgs8rzey8pFX--\",\"componentName\":\"Senape\",\"quantity\":0.02,\"unit\":\"kg\",\"pricePerUnit\":3.01,\"costType\":\"\"},{\"type\":\"ingredient\",\"componentId\":\"SuOqA2HcqAe5RQOjHOenq\",\"componentName\":\"Sale\",\"quantity\":0.02,\"unit\":\"kg\",\"pricePerUnit\":0.3,\"costType\":\"\"}]', '95.000', '5.34', '2026-02-03 15:47:03', '2026-02-05 04:09:19', 'k', 1, 0, '', ''), ('l7REonHmRRaylduqNXWbb', 'default-store-001', 'SALSA_CAJUN', 'Salsa Cajun', 'Salse', NULL, '98.000', '2.55', '2026-02-03 18:05:27', '2026-02-04 20:04:34', 'k', 1, 1, '', ''), ('m0mrJLE4qW_YTDXutrn5b', 'default-store-001', 'SPEZIE_PULLED', 'Spezie Pulled Pork', 'Altro', '[{\"type\":\"ingredient\",\"componentId\":\"Ui034rKABg7d7q6RNt7V-\",\"componentName\":\"Pepe\",\"quantity\":0.12,\"unit\":\"kg\",\"pricePerUnit\":17.32,\"costType\":\"\"},{\"type\":\"ingredient\",\"componentId\":\"SuOqA2HcqAe5RQOjHOenq\",\"componentName\":\"Sale\",\"quantity\":0.56,\"unit\":\"kg\",\"pricePerUnit\":0.3,\"costType\":\"\"},{\"type\":\"ingredient\",\"componentId\":\"RYNN4WX1SuZGGz9Jwe14W\",\"componentName\":\"Coriandolo\",\"quantity\":0.06,\"unit\":\"kg\",\"pricePerUnit\":28.56,\"costType\":\"\"},{\"type\":\"ingredient\",\"componentId\":\"HJqq-P8q91nc9QaK7wGBc\",\"componentName\":\"Cumino\",\"quantity\":0.05,\"unit\":\"kg\",\"pricePerUnit\":19.9,\"costType\":\"\"},{\"type\":\"ingredient\",\"componentId\":\"-eBrJDJmFHyvvmUV_T9gC\",\"componentName\":\"Paprica affumicata\",\"quantity\":0.06,\"unit\":\"kg\",\"pricePerUnit\":26.9,\"costType\":\"\"},{\"type\":\"ingredient\",\"componentId\":\"x5do5mlhu9S2doS12_u25\",\"componentName\":\"Semi di fieno greco\",\"quantity\":0.05,\"unit\":\"kg\",\"pricePerUnit\":15.65,\"costType\":\"\"},{\"type\":\"ingredient\",\"componentId\":\"Vkgsrbf5Lge520sm3xUml\",\"componentName\":\"Galangal\",\"quantity\":0.015,\"unit\":\"kg\",\"pricePerUnit\":31.4,\"costType\":\"\"},{\"type\":\"ingredient\",\"componentId\":\"HKo1g2fIm23siqoxMe2qe\",\"componentName\":\"Thè affumicato\",\"quantity\":0.075,\"unit\":\"kg\",\"pricePerUnit\":83.6,\"costType\":\"\"}]', '95.000', '14.09', '2026-02-03 15:47:03', '2026-02-05 04:10:28', 'k', 1, 1, '', ''), ('p9YTzLC7-TLF8ACwvrXWv', 'default-store-001', 'SALSA_AVOCADO', 'Salsa Avocado', 'Salse', NULL, '95.000', '2.78', '2026-02-03 18:05:27', '2026-02-04 20:04:34', 'k', 1, 1, '', ''), ('plQT5aFdbsa562s6PaZ8-', 'default-store-001', 'CARNE_SOVRACOSCE', 'Carne Sovracosce', 'Carne', '[{\"type\":\"ingredient\",\"componentId\":\"fuA2uyk7r2FFPMPSdrkH-\",\"componentName\":\"Coscia di pollo\",\"quantity\":10,\"unit\":\"kg\",\"pricePerUnit\":8.2,\"costType\":\"\"},{\"type\":\"ingredient\",\"componentId\":\"nfsoVnu7Rmj42reiis96v\",\"componentName\":\"Yogurt greco\",\"quantity\":1.5,\"unit\":\"kg\",\"pricePerUnit\":4.36,\"costType\":\"\"},{\"type\":\"ingredient\",\"componentId\":\"xNJn8vX9r-GIo04Ian1yd\",\"componentName\":\"Farina\",\"quantity\":4,\"unit\":\"kg\",\"pricePerUnit\":1.17,\"costType\":\"\"},{\"type\":\"ingredient\",\"componentId\":\"0TKQbZT91FRZfSZH1_LBp\",\"componentName\":\"Amido di mais\",\"quantity\":2,\"unit\":\"kg\",\"pricePerUnit\":2.02,\"costType\":\"\"},{\"type\":\"ingredient\",\"componentId\":\"AJHyMU9JKkZc01X7VHVFb\",\"componentName\":\"Uova\",\"quantity\":6,\"unit\":\"unità\",\"pricePerUnit\":0.24,\"costType\":\"\"},{\"type\":\"ingredient\",\"componentId\":\"UjhsGMDNvCnl2fPcY2kuz\",\"componentName\":\"Latte UHT\",\"quantity\":1.5,\"unit\":\"kg\",\"pricePerUnit\":1.07,\"costType\":\"\"},{\"type\":\"operation\",\"componentId\":\"\",\"componentName\":\"Cuoco\",\"quantity\":1,\"unit\":\"unità\",\"pricePerUnit\":12,\"costType\":\"LAVORO\"},{\"type\":\"operation\",\"componentId\":\"\",\"componentName\":\"Abbattitore\",\"quantity\":2,\"unit\":\"unità\",\"pricePerUnit\":1.04,\"costType\":\"ENERGIA\"}]', '98.000', '114.39', '2026-02-03 18:05:27', '2026-02-09 05:39:51', 'u', 1, 1, '', ''), ('sD3jxllOYI_8Wy5Zq9ZQ6', 'default-store-001', 'SALSA_NDUJA', 'Salsa Nduja', 'Salse', '[{\"type\":\"ingredient\",\"componentId\":\"dOKnzUKJT8BHVfbaErOOr\",\"componentName\":\"Salsa di soja\",\"quantity\":0.035,\"unit\":\"kg\",\"pricePerUnit\":4.95,\"costType\":\"\"},{\"type\":\"ingredient\",\"componentId\":\"yt4r1cA9XSnRDbjHABrlc\",\"componentName\":\"Olio di semi\",\"quantity\":2.25,\"unit\":\"kg\",\"pricePerUnit\":1.58,\"costType\":\"\"},{\"type\":\"ingredient\",\"componentId\":\"O6XP13WcvRDujOJgmbNWR\",\"componentName\":\"Aceto di mele\",\"quantity\":0.2,\"unit\":\"kg\",\"pricePerUnit\":2.36,\"costType\":\"\"},{\"type\":\"ingredient\",\"componentId\":\"w8HarzwdK7Ct7L1abLMfe\",\"componentName\":\"Nduja\",\"quantity\":0.385,\"unit\":\"kg\",\"pricePerUnit\":26.98,\"costType\":\"\"},{\"type\":\"ingredient\",\"componentId\":\"Q5LWW8sY1AKOoWsfV_-tu\",\"componentName\":\"Zucchero\",\"quantity\":0.035,\"unit\":\"kg\",\"pricePerUnit\":0.82,\"costType\":\"\"},{\"type\":\"ingredient\",\"componentId\":\"SuOqA2HcqAe5RQOjHOenq\",\"componentName\":\"Sale\",\"quantity\":0.026000000000000002,\"unit\":\"kg\",\"pricePerUnit\":0.3,\"costType\":\"\"},{\"type\":\"ingredient\",\"componentId\":\"9WQvqdGlWFZnk7yV8gQnt\",\"componentName\":\"Xantana\",\"quantity\":0.0035,\"unit\":\"kg\",\"pricePerUnit\":27.79,\"costType\":\"\"},{\"type\":\"ingredient\",\"componentId\":\"sX0KY6rxgs8rzey8pFX--\",\"componentName\":\"Senape\",\"quantity\":0.105,\"unit\":\"kg\",\"pricePerUnit\":3.01,\"costType\":\"\"},{\"type\":\"ingredient\",\"componentId\":\"8B1yQ77vJv0lj5H80Lf5U\",\"componentName\":\"Sriracha\",\"quantity\":0.03,\"unit\":\"kg\",\"pricePerUnit\":7.98,\"costType\":\"\"}]', '98.000', '15.28', '2026-02-03 18:05:27', '2026-02-04 23:43:07', 'k', 1, 1, '', ''), ('tkKjB58sKhNmIPU7RsNvi', 'default-store-001', 'SALSA_TZATZIKI', 'Salsa Tzatziki', 'Salse', '[{\"type\":\"ingredient\",\"componentId\":\"n7GuE3HWFskVoEiKBOEbC\",\"componentName\":\"Cetrioli\",\"quantity\":0.5,\"unit\":\"kg\",\"pricePerUnit\":1.64,\"costType\":\"\"},{\"type\":\"ingredient\",\"componentId\":\"nfsoVnu7Rmj42reiis96v\",\"componentName\":\"Yogurt greco\",\"quantity\":1,\"unit\":\"kg\",\"pricePerUnit\":4.36,\"costType\":\"\"},{\"type\":\"ingredient\",\"componentId\":\"B23PC4FO2fVaOme1qxPls\",\"componentName\":\"Aglio pelato\",\"quantity\":0.008,\"unit\":\"kg\",\"pricePerUnit\":0.01,\"costType\":\"\"},{\"type\":\"ingredient\",\"componentId\":\"SuOqA2HcqAe5RQOjHOenq\",\"componentName\":\"Sale\",\"quantity\":0.01,\"unit\":\"kg\",\"pricePerUnit\":0.3,\"costType\":\"\"}]', '90.000', '5.18', '2026-02-03 18:05:27', '2026-02-08 22:15:03', 'k', 1, 1, '', ''), ('wej0dy9K9HcfWdlyO_jNs', 'default-store-001', 'PANE_WILD', 'Pane Wild', 'Pane', '[{\"type\":\"ingredient\",\"componentId\":\"Pc1GevVHN5m7LdoV6vbVt\",\"quantity\":5.376,\"unit\":\"kg\"},{\"type\":\"ingredient\",\"componentId\":\"w6Goo2jSCBOLl1FUq2KL3\",\"quantity\":3.072,\"unit\":\"kg\"},{\"type\":\"ingredient\",\"componentId\":\"WPbHUOTz6Ibuul1lle_dQ\",\"quantity\":0.933,\"unit\":\"kg\"},{\"type\":\"ingredient\",\"componentId\":\"BGtpWHKEblWCiK6F0szR5\",\"quantity\":0.269,\"unit\":\"kg\"},{\"type\":\"ingredient\",\"componentId\":\"VFlPCePcnLbx2_5tKIaQj\",\"quantity\":0.23,\"unit\":\"kg\"},{\"type\":\"ingredient\",\"componentId\":\"L4bHpuBjzgEpADa0wLZ77\",\"quantity\":0.246,\"unit\":\"kg\"},{\"type\":\"ingredient\",\"componentId\":\"E_lg2LmUumGJoBlx6ReY_\",\"quantity\":0.346,\"unit\":\"kg\"},{\"type\":\"ingredient\",\"componentId\":\"zgFIe9bPgtqlIB9r23Md9\",\"quantity\":0.115,\"unit\":\"kg\"},{\"type\":\"ingredient\",\"componentId\":\"Ccazcxew5p3zFSCTrV8mB\",\"quantity\":0.05,\"unit\":\"kg\"},{\"type\":\"ingredient\",\"componentId\":\"yt4r1cA9XSnRDbjHABrlc\",\"quantity\":0.432,\"unit\":\"kg\"},{\"type\":\"ingredient\",\"componentId\":\"J7-r5Q-5d6x_YGKwF0Fzm\",\"quantity\":0.2,\"unit\":\"kg\"},{\"type\":\"ingredient\",\"componentId\":\"SuOqA2HcqAe5RQOjHOenq\",\"quantity\":0.106,\"unit\":\"kg\"},{\"type\":\"operation\",\"componentName\":\"Cuoco\",\"quantity\":0.66,\"unit\":\"unità\"},{\"type\":\"operation\",\"componentName\":\"Forno\",\"quantity\":0.33,\"unit\":\"unità\"},{\"type\":\"operation\",\"componentName\":\"Lievitatore\",\"quantity\":20,\"unit\":\"unità\"},{\"type\":\"operation\",\"componentName\":\"Arrotondatrice\",\"quantity\":0.5,\"unit\":\"unità\"},{\"type\":\"operation\",\"componentName\":\"Impastatrice\",\"quantity\":0.1,\"unit\":\"unità\"}]', '97.000', '17.44', '2026-02-03 18:05:27', '2026-02-04 16:21:51', 'k', 1, 1, '', ''), ('wxNYAyIW1CtLBRXUIfJXX', 'default-store-001', 'CARNE_PULLED_PORK', 'Carne Pulled Pork', 'Carne', '[{\"type\":\"ingredient\",\"componentId\":\"xJXXTNVm1F2Un2wKZejIx\",\"componentName\":\"Spalla di Maiale (senza osso)\",\"quantity\":33,\"unit\":\"kg\",\"pricePerUnit\":4.99,\"costType\":\"\"},{\"type\":\"semi_finished\",\"componentId\":\"vPoz24LrGZDHC97Te9joG\",\"componentName\":\"Spezie Pulled\",\"quantity\":0.7,\"unit\":\"kg\",\"pricePerUnit\":0,\"costType\":\"\"},{\"type\":\"operation\",\"componentId\":\"\",\"componentName\":\"Cuoco\",\"quantity\":1.5,\"unit\":\"unità\",\"pricePerUnit\":12,\"costType\":\"LAVORO\"},{\"type\":\"operation\",\"componentId\":\"\",\"componentName\":\"Forno\",\"quantity\":15,\"unit\":\"unità\",\"pricePerUnit\":2.78,\"costType\":\"ENERGIA\"}]', '80.000', '224.37', '2026-02-03 18:05:27', '2026-02-06 22:39:19', 'k', 1, 1, '', ''), ('y4eBbYR5nF5Wp4ABB7lx-', 'default-store-001', 'SALSA_SENAPE_DIJON', 'Salsa Senape Dijon', 'Salse', NULL, '98.000', '2.25', '2026-02-03 18:05:27', '2026-02-04 20:04:34', 'k', 1, 1, '', '');
--> statement-breakpoint
REPLACE INTO `fridges` (`id`, `name`, `type`, `location`, `minTemp`, `maxTemp`, `isActive`, `createdAt`, `updatedAt`) VALUES ('129ff605-266e-4902-890f-01cafb4b8579', 'Cella frigo', 'fridge', 'kitchen', '0.0', '4.0', 1, '2026-02-24 06:49:19', '2026-02-24 06:49:19'), ('259c4b91-2064-434a-bf0c-b09769bce6e7', 'Cucina destra', 'fridge', 'kitchen', '0.0', '4.0', 1, '2026-02-23 06:31:37', '2026-02-23 06:31:37'), ('2e678c22-db43-4768-8d59-f32d8152e395', 'Cucina fritti', 'freezer', 'kitchen', '-21.0', '-16.0', 1, '2026-02-23 06:31:04', '2026-02-23 06:31:04'), ('4561d10d-0d75-4bef-accb-6b1890ec7b05', 'Sala dolci', 'fridge', 'sala', '0.0', '4.0', 1, '2026-02-09 16:30:29', '2026-02-09 16:30:29'), ('84e0605b-c43e-4471-97a0-8f4e02112065', 'Cucina pass', 'fridge', 'kitchen', '0.0', '4.0', 1, '2026-02-23 06:32:15', '2026-02-23 06:32:15'), ('bdc7ce98-2243-47b8-85a4-2baa0bf3debe', 'Cella frezer', 'freezer', 'kitchen', '-21.0', '-17.0', 1, '2026-02-24 06:49:44', '2026-02-24 06:49:44'), ('bf1f8d15-5b8b-42cc-adf2-a03f418b796a', 'Cucina sinistra', 'fridge', 'kitchen', '0.0', '4.0', 1, '2026-02-23 06:31:54', '2026-02-23 06:31:54'), ('e0b23196-6ec8-43a3-bbce-2b13147e0ae8', 'Sala alcolici ', 'fridge', 'sala', '0.0', '4.0', 1, '2026-02-09 23:24:05', '2026-02-09 23:24:05');
--> statement-breakpoint
REPLACE INTO `fridge_temperature_logs` (`id`, `fridgeId`, `date`, `temperature`, `userId`, `isOutOfRange`, `notes`, `createdAt`) VALUES ('01508402-ef91-450a-941d-fd1988fe1302', '4561d10d-0d75-4bef-accb-6b1890ec7b05', '2026-02-09 16:30:52', '3.1', 1, 0, NULL, '2026-02-09 16:30:52'), ('1853fd0e-3bdc-4403-9ec8-98f17d0f4c05', 'e0b23196-6ec8-43a3-bbce-2b13147e0ae8', '2026-02-25 21:49:21', '2.6', 1620001, 0, NULL, '2026-02-25 21:49:21'), ('2737a75d-067b-4725-83da-997e02c48dba', '4561d10d-0d75-4bef-accb-6b1890ec7b05', '2026-02-25 21:49:21', '2.1', 1620001, 0, NULL, '2026-02-25 21:49:21'), ('287e11a7-c409-435f-b8d5-99aad0aaa38c', 'e0b23196-6ec8-43a3-bbce-2b13147e0ae8', '2026-02-16 22:15:13', '2.8', 1620014, 0, NULL, '2026-02-16 22:15:13'), ('3269de12-6081-498e-898b-04df629e468e', '4561d10d-0d75-4bef-accb-6b1890ec7b05', '2026-02-24 21:51:31', '2.0', 1620001, 0, NULL, '2026-02-24 21:51:31'), ('346a8444-08c2-49bc-8a70-e34df9ab6f31', '4561d10d-0d75-4bef-accb-6b1890ec7b05', '2026-02-12 22:53:33', '2.3', 1620001, 0, NULL, '2026-02-12 22:53:33'), ('42091f8e-7ddc-4b3d-8291-62d114fe3fa0', 'e0b23196-6ec8-43a3-bbce-2b13147e0ae8', '2026-02-15 22:14:45', '3.1', 1350001, 0, NULL, '2026-02-15 22:14:45'), ('666b62d6-4af0-4c80-aa6c-dc1a4ca87c32', 'e0b23196-6ec8-43a3-bbce-2b13147e0ae8', '2026-02-17 22:00:07', '3.3', 1620014, 0, NULL, '2026-02-17 22:00:06'), ('6afb5b32-e6ec-4b9c-9559-0a10d04f2cf3', 'e0b23196-6ec8-43a3-bbce-2b13147e0ae8', '2026-02-24 21:51:31', '1.6', 1620001, 0, NULL, '2026-02-24 21:51:31'), ('6d24e668-8cb0-4d49-a79a-44880bf0296c', '4561d10d-0d75-4bef-accb-6b1890ec7b05', '2026-02-19 22:05:03', '2.6', 1620001, 0, NULL, '2026-02-19 22:05:03'), ('6e3b7e87-5ab7-4e93-bd06-f71a52602343', '4561d10d-0d75-4bef-accb-6b1890ec7b05', '2026-02-17 22:00:07', '2.3', 1620014, 0, NULL, '2026-02-17 22:00:06'), ('6fdf8861-f664-4ea2-8928-56b365003880', 'e0b23196-6ec8-43a3-bbce-2b13147e0ae8', '2026-02-23 22:19:45', '2.9', 1620014, 0, NULL, '2026-02-23 22:19:45'), ('7b3f3dc4-3876-4640-bdf5-b3a09dc366f8', '4561d10d-0d75-4bef-accb-6b1890ec7b05', '2026-02-11 23:45:43', '3.0', 1350001, 0, NULL, '2026-02-11 23:45:43'), ('7bf70a74-9433-4d4a-9390-6a3d5acae013', '4561d10d-0d75-4bef-accb-6b1890ec7b05', '2026-02-15 22:14:45', '3.1', 1350001, 0, NULL, '2026-02-15 22:14:45'), ('80d2000b-a00b-4e3b-9504-cb1dba9e9fa7', '4561d10d-0d75-4bef-accb-6b1890ec7b05', '2026-02-18 23:05:27', '4.2', 1350001, 1, NULL, '2026-02-18 23:05:27'), ('83cedfe8-625d-44d0-a5da-27e498b9b7b2', 'e0b23196-6ec8-43a3-bbce-2b13147e0ae8', '2026-02-12 22:53:33', '2.6', 1620001, 0, NULL, '2026-02-12 22:53:33'), ('857e7b1c-d9b2-4596-8a87-79ca7ca11513', '4561d10d-0d75-4bef-accb-6b1890ec7b05', '2026-02-23 22:19:45', '1.8', 1620014, 0, NULL, '2026-02-23 22:19:45'), ('87a93ca5-2798-4d61-8616-028cbc89a735', '4561d10d-0d75-4bef-accb-6b1890ec7b05', '2026-02-09 16:36:24', '3.5', 1, 0, NULL, '2026-02-09 16:36:24'), ('90a77215-5440-4cf0-a251-b2673a478f49', 'e0b23196-6ec8-43a3-bbce-2b13147e0ae8', '2026-02-11 23:45:43', '2.7', 1350001, 0, NULL, '2026-02-11 23:45:43'), ('962a6d4b-a67f-49d2-a2fb-c642c2d5482c', '4561d10d-0d75-4bef-accb-6b1890ec7b05', '2026-02-20 23:42:18', '3.4', 1620014, 0, NULL, '2026-02-20 23:42:18'), ('9f4ca2aa-426b-48f7-9760-3b6e351aff16', 'e0b23196-6ec8-43a3-bbce-2b13147e0ae8', '2026-02-19 22:05:03', '2.9', 1620001, 0, NULL, '2026-02-19 22:05:03'), ('a1e04dd6-d856-49ca-a3ba-e2b2346ba6d5', 'e0b23196-6ec8-43a3-bbce-2b13147e0ae8', '2026-02-20 23:42:18', '1.3', 1620014, 0, NULL, '2026-02-20 23:42:18'), ('a44c15ec-72c2-43d1-9c1d-6509a651c227', 'e0b23196-6ec8-43a3-bbce-2b13147e0ae8', '2026-02-18 23:05:27', '4.5', 1350001, 1, NULL, '2026-02-18 23:05:27'), ('b56eb364-5dc4-4313-808a-fa8fbaf152e6', '4561d10d-0d75-4bef-accb-6b1890ec7b05', '2026-02-16 22:15:13', '2.5', 1620014, 0, NULL, '2026-02-16 22:15:13'), ('d3a06469-9cee-43f1-94f7-59d0ed8c03cb', '4561d10d-0d75-4bef-accb-6b1890ec7b05', '2026-02-09 23:24:23', '2.6', 1350001, 0, NULL, '2026-02-09 23:24:23'), ('f1bdc2ea-8a87-4779-89bb-719cbc3e5d16', 'e0b23196-6ec8-43a3-bbce-2b13147e0ae8', '2026-02-09 23:24:23', '3.5', 1350001, 0, NULL, '2026-02-09 23:24:23');
--> statement-breakpoint
REPLACE INTO `order_items` (`id`, `orderId`, `itemType`, `itemId`, `itemName`, `supplier`, `quantityOrdered`, `unitType`, `pricePerUnit`, `totalCost`, `createdAt`) VALUES ('rTCxn2lLjjpW4MHJZOI48', 'hctMHezD1eTUQ9F9SPlKg', 'INGREDIENT', 'dWuCRhgtnfXRqH-ThGFlZ', 'Fumo liquido', 'Amazon', '5.000', 'k', '32.60', '163.00', '2026-02-04 03:16:38');
--> statement-breakpoint
SET FOREIGN_KEY_CHECKS = 1;
